STATUS,ID,COLLECTDATE,EVENTTYPE,ROADNAME,DIRECTION,START_TIME,END_TIME,TITLE,CONTENT,REF,POSTDATE,POSTFROM
,132008,2016-07-08,交通事件,,江西龙岩西收费站-龙岩古田收费站,2016-07-08 14:09:54,,"LOCATION AT {25.1142 ,116.93}",G76线厦蓉高速龙长段AK155（过龙岩西所2公里），发生交通事故，现实行临时交通管制：龙岩往长汀方向车辆从龙岩西所下高速，可从古田所上高速，预计16:05解除，请途经车辆注意绕行。,http://appserver.fjgsgl.cn/NewFJGSWechatAPIServer/index.php/userautoserver/showtrafficinfo?tab=1,2016-07-08 14:11:13,福建高速公路
,132003,2016-07-08,交通事件,,双向龙岩古田收费站-龙岩西收费站,2016-07-08 11:07:30,,"LOCATION AT {25.1589 ,116.898}",G76线厦蓉高速龙长段长汀往龙岩方向K161（何家坡隧道，距龙岩西收费站8公里）正在养护施工，占用主车道，该路段目前单车道通行，请途经车辆谨慎驾驶，提前减速。,http://appserver.fjgsgl.cn/NewFJGSWechatAPIServer/index.php/userautoserver/showtrafficinfo?tab=1,2016-07-08 11:08:16,福建高速公路
,126061,2016-07-08,交通事件,,江西将乐收费站-万安收费站,2016-06-30 10:08:30,,"LOCATION AT {26.8558 ,117.436}",G70线福银高速将乐段福州往南昌方向K287处（距万安收费站2公里）发生地质灾害，占用主车道，该路段目前单车道通行，请途经车辆谨慎驾驶，提前减速。,http://appserver.fjgsgl.cn/NewFJGSWechatAPIServer/index.php/userautoserver/showtrafficinfo?tab=1,2016-05-09 08:45:31,福建高速公路
,130835,2016-07-08,交通事件,,双向永春收费站-码头收费站,2016-06-26 19:13:51,,"LOCATION AT {25.2308 ,118.291}",G72线泉南高速泉州段三明往泉州方向K58处（高岭隧道内，过永春收费站约4公里），发生交通事故，事故占用超车道、慢车道，目前主车道可正常通行，请途经车辆谨慎驾驶。,http://appserver.fjgsgl.cn/NewFJGSWechatAPIServer/index.php/userautoserver/showtrafficinfo?tab=1,2016-06-26 19:18:56,福建高速公路
,126128,2016-07-08,交通事件,,江西政和收费站-范屯枢纽,2016-05-09 17:40:25,,"LOCATION AT {27.355 ,118.742}",G1514线宁上高速政和段宁德往武夷山方向K148+100处（过佛子山服务区约1公里），发生地质灾害，占用主车道，该路段目前单车道通行，请途经车辆谨慎驾驶，提前减速。,http://appserver.fjgsgl.cn/NewFJGSWechatAPIServer/index.php/userautoserver/showtrafficinfo?tab=1,2016-05-09 17:37:14,福建高速公路
,126022,2016-07-08,交通事件,,双向漳平新桥收费站-岭头枢纽,2016-05-08 22:28:10,,"LOCATION AT {24.672 ,117.663}",S7211线永漳高速永安段漳平往大田方向（岭头枢纽，距西洋收费站约9公里）发生地质灾害，现实施临时交通管制：漳平往大田方向岭头枢纽匝道封闭，往大田方向车辆绕行泉南高速至西洋收费站下高速，再从西洋收费站上泉南高速行驶，请途经车辆注意绕行。,http://appserver.fjgsgl.cn/NewFJGSWechatAPIServer/index.php/userautoserver/showtrafficinfo?tab=1,2016-05-08 22:27:09,福建高速公路
,132016,2016-07-08,路况施工,,江西天宝枢纽-南靖丰田收费站,2016-07-08 15:10:50,,"LOCATION AT {24.6397 ,117.504}",G76线厦蓉高速漳州段漳州往龙岩方向K67处（风霜岭隧道，距南靖丰田收费所约5公里）正在养护施工，占用主车道，请途经车辆谨慎驾驶，提前减速。,14,2016-07-08 15:12:15,福建高速公路
,132015,2016-07-08,路况施工,,双向嵩口收费站-明溪南收费站,2016-07-08 15:10:49,,"LOCATION AT {26.1886 ,117.157}",G72线泉南高速清流段宁化往永安方向K240-K242（梧地隧道内，距明溪南收费站约3公里）正在养护施工，该路段目前单车道通行，请途经车辆谨慎驾驶，提前减速。,14,2016-07-08 15:12:15,福建高速公路
,131970,2016-07-08,路况施工,,江西明溪南收费站-嵩口收费站,2016-07-08 14:34:18,,"LOCATION AT {26.1913 ,117.114}",G72线泉南高速清流段永安往宁化方向K246-K250（石壁前隧道、莒林隧道内，距嵩口收费站约10公里）正在养护施工，占用超车道，该路段目前单车道通行，请途经车辆谨慎驾驶，提前减速。,14,2016-07-08 08:12:13,福建高速公路
,132011,2016-07-08,路况施工,,双向大横收费站-南雅收费站,2016-07-08 13:04:39,,"LOCATION AT {26.7974 ,118.267}",G25线长深高速延平段南平往建瓯方向K2892+100处（过大横收费站约1公里），正在养护施工，占用主车道，该路段目前单车道通行，道路通行比较缓慢，请途经车辆谨慎驾驶，提前减速。,14,2016-07-08 13:06:15,福建高速公路
,132004,2016-07-08,路况施工,,江西杨源收费站-政和收费站,2016-07-08 11:14:27,,"LOCATION AT {27.3167 ,118.843}",G1514线宁上高速政和段K136+350－K138＋605处（距政和收费站约7公里，南坑隧道内），正在养护施工，占用主车道，该路段目前单车道通行，道路通行比较缓慢，请途经车辆谨慎驾驶，提前减速。,14,2016-07-08 11:16:12,福建高速公路
,132001,2016-07-08,路况施工,,江西南靖丰田收费站-金山收费站,2016-07-08 10:35:29,,"LOCATION AT {24.7247 ,117.399}",G76线厦蓉高速漳州段漳州往龙岩方向K82+300至K82+900处(距金山收费所约8公里)正在养护施工，占用主车道，该路段目前单车道通行，请途经车辆谨慎驾驶，提前减速。,14,2016-07-08 10:37:11,福建高速公路
,131998,2016-07-08,路况施工,,顺昌西芹枢纽-来舟收费站,2016-07-08 10:13:10,,"LOCATION AT {26.5868 ,118.067}",S10线宁光高速延平段南平往来舟方向K55+132-K59+832处（距延平来舟收费站约11公里，岩仔头隧道内），正在养护施工，占用主车道，该路段目前单车道通行，请途经车辆谨慎驾驶，提前减速。,14,2016-07-08 10:15:15,福建高速公路
,131997,2016-07-08,路况施工,,双向顺昌收费站-峡阳收费站,2016-07-08 10:09:59,,"LOCATION AT {26.7729 ,117.898}",S10线宁光高速顺昌段顺昌往峡阳方向K84+647-K83+870处（距延平峡阳收费站约2公里，将军隧道内），正在养护施工，占用超车道，该路段目前单车道通行，请途经车辆谨慎驾驶，提前减速。,14,2016-07-08 10:11:14,福建高速公路
,131995,2016-07-08,路况施工,,双向南靖丰田收费站-天宝枢纽,2016-07-08 09:58:08,,"LOCATION AT {24.6411 ,117.493}",G76线厦蓉高速漳州段龙岩往漳州方向K68+100至K68+300处（过南靖丰田收费所约4公里）正在养护施工，占用主车道，该路段目前单车道通行，请途经车辆谨慎驾驶，提前减速。,14,2016-07-08 09:59:14,福建高速公路
,131991,2016-07-08,路况施工,,江西肖家坊枢纽-福银闽赣收费站,2016-07-08 09:35:00,,"LOCATION AT {27.1579 ,117.17}",G70线福银线高速邵武段泰宁往抚州方向往K337+900-K339+400处（距朱洋服务区约6公里，上村隧道内），正在养护施工，占用主车道，该路段目前单车道通行，道路通行比较缓慢，请途经车辆谨慎驾驶，提前减速。,14,2016-07-08 09:36:15,福建高速公路
,131990,2016-07-08,路况施工,,江西天宝枢纽-南靖丰田收费站,2016-07-08 09:28:20,,"LOCATION AT {24.6358 ,117.517}",G76线厦蓉高速漳州段漳州往龙岩方向K65+600至K66+300处（距南靖丰田收费所约6公里）正在养护施工，占用主车道，该路段目前单车道通行，请途经车辆谨慎驾驶，提前减速。,14,2016-07-08 09:25:15,福建高速公路
,131992,2016-07-08,路况施工,,双向南靖丰田收费站-天宝枢纽,2016-07-08 09:27:55,,"LOCATION AT {24.6344 ,117.523}",G76线厦蓉高速漳州段龙岩往漳州方向K65至K65+830处（过南靖丰田收费所约7公里）正在养护施工，占用主车道，该路段目前单车道通行，请途经车辆谨慎驾驶，提前减速。,14,2016-07-08 09:29:16,福建高速公路
,131989,2016-07-08,路况施工,,西洋漳平新桥收费站-和平枢纽,2016-07-08 09:17:36,,"LOCATION AT {25.439 ,117.455}",S7211线永漳高速漳平段永安往漳州方向K45处（钱坂1号隧道内，过和睦服务区约15公里）正在养护施工，占用超车道，该路段目前单车道通行，请途经车辆谨慎驾驶，提前减速。,14,2016-07-08 09:19:12,福建高速公路
,131963,2016-07-08,路况施工,,双向常山收费站-云霄收费站,2016-07-08 09:11:31,,"LOCATION AT {23.899 ,117.389}",G15线沈海高速漳诏段广东往漳州方向K2443至K2441处（大步山隧道，过常山收费所约1公里）正在养护施工，占用主车道，该路段目前单车道通行，请途经车辆谨慎驾驶，提前减速。,14,2016-07-08 09:13:14,福建高速公路
,131988,2016-07-08,路况施工,,双向漳州南收费站-龙海东泗收费站,2016-07-08 09:09:50,,"LOCATION AT {24.4117 ,117.665}",S1525漳州南连接线南靖往龙海方向K24处（福山隧道，过漳州南收费所约2公里）正在养护施工，占用超车道，该路段目前单车道通行，请途经车辆谨慎驾驶，提前减速。,14,2016-07-08 09:11:14,福建高速公路
,131982,2016-07-08,路况施工,,江西吴山收费站-大田收费站,2016-07-08 08:48:24,,"LOCATION AT {25.5567 ,117.868}",G72线泉南高速大田段泉州往大田方向K124+300-127+450(大鼓山隧道内，距离大田收费站约10公里)正在养护施工，该路段目前单车道通行，请途经车辆谨慎驾驶，提前减速。,14,2016-07-08 08:50:14,福建高速公路
,131975,2016-07-08,路况施工,,双向将乐收费站-夏茂收费站,2016-07-08 08:41:51,,"LOCATION AT {26.6383 ,117.644}",G70线福银高速将乐段江西往福州方向K249+140-K254+460处(雪峰山隧道内，距离夏茂收费站约10公里)正在养护施工，占用主车道，该路段目前单车道通行，请途经车辆谨慎驾驶，提前减速。,14,2016-07-08 08:43:15,福建高速公路
,131978,2016-07-08,路况施工,,广东安溪福田收费站-溪南收费站,2016-07-08 08:38:53,,"LOCATION AT {25.362 ,117.571}",S12线莆永高速漳平段永春往永定方向K201处（后昆仑1号隧道内，过溪南收费站约2公里）正在养护施工，占用主车道，该路段目前单车道通行，请途经车辆谨慎驾驶，提前减速。,14,2016-07-08 08:40:15,福建高速公路
,131979,2016-07-08,路况施工,,安溪厦门北站收费站-同安凤南收费站,2016-07-08 08:28:42,,"LOCATION AT {24.6502 ,118.07}",S30线厦沙高速厦门段厦门往安溪方向K9-K11+200处（凤溪隧道内）正在养护施工，占用快车道，请途经车辆谨慎驾驶，提前减速。,14,2016-07-08 08:30:14,福建高速公路
,131976,2016-07-08,路况施工,,蛟洋上杭白砂收费站-下道湖枢纽,2016-07-08 08:25:41,,"LOCATION AT {25.1697 ,116.69}",S2513线上蛟高速上杭往龙岩方向K31+570-k32+500处（过白砂收费站13公里）正在养护施工，占用超车道，该路段目前单车道通行，请途经车辆谨慎驾驶，提前减速。,14,2016-07-08 08:27:12,福建高速公路
,131972,2016-07-08,路况施工,,双向富岭收费站-浦建闽浙收费站,2016-07-08 08:20:31,,"LOCATION AT {27.8595 ,118.71}",S0311线浦建高速浦城段富岭往浦建闽浙方向K14-K11处（过富岭收费站约4公里），正在养护施工，占用超车道，该路段目前单车道通行，请途经车辆谨慎驾驶，提前减速。,14,2016-07-08 08:22:14,福建高速公路
,131973,2016-07-08,路况施工,,江西蛟洋收费站-新泉收费站,2016-07-08 08:12:05,,"LOCATION AT {25.291 ,116.652}",G76线厦蓉高速龙长段龙岩往长汀方向K194+300（距新泉收费站约5公里）正在养护施工，占用主车道，该路段目前单车道通行，请途经车辆谨慎驾驶，提前减速。,14,2016-07-08 08:13:12,福建高速公路
,131971,2016-07-08,路况施工,,双向大田收费站-吴山收费站,2016-07-08 08:09:13,,"LOCATION AT {25.5801 ,117.844}",G72线泉南高速大田段永安往泉州方向K127+935-124+300处（林畔坑、大鼓山隧道内，距吴山收费站约3公里）正在养护施工，该路段目前单车道通行，请途经车辆谨慎驾驶，提前减速。,14,2016-07-08 08:11:14,福建高速公路
,131965,2016-07-08,路况施工,,石井南安南收费站-南安官桥收费站,2016-07-08 07:46:52,,"LOCATION AT {-1 ,-1}",G1502线泉州环城高速南石段石井往南安方向K120处（秀峰隧道内、过南安官桥收费站约6公里），正在养护施工，占用主、超车道，该路段目前慢车道可正常通行，请途经车辆谨慎驾驶。,14,2016-07-08 07:49:11,福建高速公路
,131962,2016-07-08,路况施工,,双向安溪枢纽-南安西（仑苍）,2016-07-08 07:31:27,,"LOCATION AT {25.0451 ,118.282}",S7221线双安连接线安溪往南安方向K13+300处（虎县山隧道内，距南安西仑苍收费站约2公里），正在养护施工，占用主车道，该路段目前单车道通行，请途经车辆谨慎驾驶。,14,2016-07-08 07:33:13,福建高速公路
,131959,2016-07-08,路况施工,,双向宁上闽赣交界-宁上闽赣收费站,2016-07-08 07:25:44,,"LOCATION AT {27.8694 ,117.903}",G1514线宁上高速武夷山段江西上饶往武夷山方向K289+680-K289+39处（距洋庄服务区约9公里，大安岭隧道内）正在养护施工，占用主车道，该路段目前单车道通行，道路通行比较缓慢，请途经车辆谨慎驾驶，提前减速。,14,2016-07-08 07:27:13,福建高速公路
,131957,2016-07-08,路况施工,,双向宁上闽赣交界-宁上闽赣收费站,2016-07-08 07:24:53,,"LOCATION AT {27.9072 ,117.869}",G1514线宁上高速武夷山段江西上饶往武夷山方向K295+119-K294+199处（距洋庄服务区约15公里，黄莲坑隧道内）正在养护施工，占用主车道，该路段目前单车道通行，道路通行比较缓慢，请途经车辆谨慎驾驶，提前减速。,14,2016-07-08 07:26:11,福建高速公路
,131954,2016-07-08,路况施工,,双向政和收费站-杨源收费站,2016-07-08 07:04:13,,"LOCATION AT {27.2749 ,118.87}",G1514线宁上高速政和段武夷山往宁德方向K130+955处（过政和收费站约13公里，小绍2号隧道内）正在养护施工，占用主车道，该路段目前单车道通行，道路通行比较缓慢，请途经车辆谨慎驾驶，提前减速。,14,2016-07-08 07:06:10,福建高速公路
,130268,2016-07-08,路况施工,,双向王大厝枢纽-周宁收费站,2016-07-07 21:05:58,,"LOCATION AT {27.1566 ,119.059}",G1514线宁上高速政和段政和往宁德方向K102+800处（过杨源收费站约6公里），正在养护施工，占用政和往宁德方向车道，该路段目前并道双向通行，道路通行比较缓慢，请途经车辆谨慎驾驶，提前减速。,14,2016-06-20 20:07:15,福建高速公路
,131938,2016-07-08,路况施工,,双向丹阳收费站-水古收费站,2016-07-07 18:08:54,,"LOCATION AT {26.4694 ,119.501}",水古（罗源南）收费站出口ETC车道线圈故障，关闭ETC车道暂停使用，具体恢复时间等待通知。,14,2016-07-07 18:10:37,福建高速公路
,131937,2016-07-08,路况施工,,双向宁德北收费站-下白石收费站,2016-07-07 17:49:07,,"LOCATION AT {26.7715 ,119.594}",G15线沈海高速宁德段宁德往霞浦方向K1969+100处（过云淡服务区约1公里）因养护施工，主车道布控，目前该路段单车道可通行。请途经车辆谨慎驾驶，提前减速。,14,2016-07-07 17:50:32,福建高速公路
,131523,2016-07-08,路况施工,,安溪永泰西收费站-永泰梧桐收费站,2016-07-03 16:09:24,,"LOCATION AT {24.3199 ,117.323}",S35线沈海复线福永段福州往梧桐、仙游方向K45+700处（过永泰西收费所约5公里）正在养护施工，占用慢车道、应急车道，请途经车辆谨慎驾驶，提前减速。,14,2016-07-03 16:16:09,福建高速公路
,131372,2016-07-08,路况施工,,江西范屯枢纽-回龙收费站,2016-07-01 22:54:53,,"LOCATION AT {27.3782 ,118.627}",G1514线宁上高速建阳段政和往建阳方向K161+940处（过佛子山服务区约14公里，界溪1号隧道内），正在养护施工，占用主车道，该路段目前单车道通行，请途经车辆谨慎驾驶，提前减速。,14,2016-07-01 22:59:37,福建高速公路
,131229,2016-07-08,路况施工,,双向明溪南收费站-永安西收费站,2016-06-30 14:08:28,,"LOCATION AT {26.0381 ,117.296}",G72线泉南高速永安段江西往泉州方向K215处（上曹隧道内，距永安西收费站约3公里）正在养护施工，占用超车道，该路段目前单车道通行，请途经车辆谨慎驾驶，提前减速。,14,2016-06-30 14:12:48,福建高速公路
,127847,2016-07-08,路况施工,,广东宁德北收费站-宁德南收费站,2016-06-30 11:27:43,,"LOCATION AT {26.7198 ,119.578}",G15线沈海高速宁德段福安往宁德方向K1975+200M处（过漳湾收费站500米）正在养护施工，该路段目前并道双向通行，道路通行比较缓慢，请途经车辆谨慎驾驶，提前减速。,14,2016-05-27 08:25:01,福建高速公路
,131099,2016-07-08,路况施工,,广东水古收费站-丹阳收费站,2016-06-29 10:40:20,,"LOCATION AT {26.413 ,119.493}",G15线沈海高速罗长段宁德往福州方向K2019-K2020（过丹阳收费站约3公里）正在养护施工，占用主车道和应急停车道，该路段目前单车道通行，请途经车辆谨慎驾驶，提前减速。,14,2016-06-29 10:46:53,福建高速公路
,130937,2016-07-08,路况施工,,江西南靖丰田收费站-金山收费站,2016-06-27 18:04:00,,"LOCATION AT {24.6725 ,117.439}",G76线厦蓉高速漳州段漳州往龙岩方向K75至K75+400处(过南靖丰田收费所约3公里)正在养护施工，占用超车道，该路段目前单车道通行，请途经车辆谨慎驾驶，提前减速。,14,2016-06-27 18:08:35,福建高速公路
,130795,2016-07-08,路况施工,,双向金山收费站-南靖丰田收费站,2016-06-26 15:10:12,,"LOCATION AT {24.6786 ,117.435}",G76线厦蓉高速漳州段龙岩往漳州方向K75+800至K75+300处(距南靖丰田收费所约3公里)正在养护施工，占用超车道，该路段目前单车道通行，请途经车辆谨慎驾驶，提前减速。,14,2016-06-26 15:15:01,福建高速公路
,130619,2016-07-08,路况施工,,双向金山收费站-南靖丰田收费站,2016-06-24 13:21:31,,"LOCATION AT {24.7271 ,117.394}",G76线厦蓉高速漳州段龙岩往漳州方向K82+900至K82+500处(过金山收费所约8公里)正在养护施工，占用紧急停车带，请途经车辆谨慎驾驶，提前减速。,14,2016-06-24 13:25:43,福建高速公路
,130511,2016-07-08,路况施工,,双向罗源湾收费站-飞鸾枢纽,2016-06-23 09:44:10,,"LOCATION AT {26.4818 ,119.605}",接养护中心通知：G15W3线沈海复线福州段福州往宁德方向K159+150（过罗源湾收费站约2公里）正在养护施工，占用紧急停车道，请途经车辆谨慎驾驶，提前减速。,14,2016-06-23 09:48:54,福建高速公路
,130488,2016-07-08,路况施工,,江西宁上闽赣收费站-宁上闽赣交界,2016-06-23 08:16:58,,"LOCATION AT {27.8545 ,117.905}",G1514宁上高速武夷山段宁上闽赣往江西上饶方向K288-K289处（过洋庄服务区约8公里，大安岭隧道内），正在养护施工，占用主车道，该路段目前单车道通行，道路通行比较缓慢，请途经车辆谨慎驾驶，提前减速。,14,2016-06-23 08:31:45,福建高速公路
,130453,2016-07-08,路况施工,,江西海沧枢纽-长泰天柱山收费站,2016-06-22 17:04:36,,"LOCATION AT {24.5687 ,117.891}",G76线厦蓉高速漳州段厦门往龙岩方向K20至K24（天成山隧道，距天柱山收费所约4公里）正在养护施工，占用第二、三车道，该路段目前单车道通行，请途经车辆谨慎驾驶，提前减速。,14,2016-06-22 17:09:32,福建高速公路
,130434,2016-07-08,路况施工,,广东泉州收费站-池店收费站,2016-06-22 12:24:56,,"LOCATION AT {24.9004 ,118.625}",G15线沈海高速泉厦泉州段福州往厦门方向K2237处（大坪山隧道小车道）正在养护施工，布控小车车道，请途经车辆谨慎驾驶，提前减速。,14,2016-06-22 12:29:30,福建高速公路
,130183,2016-07-08,路况施工,,江西龙岩收费站-龙门枢纽,2016-06-19 20:31:21,,"LOCATION AT {25.0751 ,117.013}",G76线厦蓉高速漳龙段龙岩往长汀方向K144+300（过龙岩所4公里）正在养护施工，占用主车道及应急车道，该路段目前单车道通行，请途经车辆谨慎驾驶，提前减速。,14,2016-06-19 20:36:00,福建高速公路
,129950,2016-07-08,路况施工,,双向顺昌收费站-峡阳收费站,2016-06-17 15:33:29,,"LOCATION AT {26.8043 ,117.836}",S10线宁光高速顺昌段顺昌往南平方向K92+855处（过顺昌收费站约500米，顺昌3#隧道口），正在养护施工，占用主车道，该路段目前单车道通行，请途经车辆谨慎驾驶，提前减速。,14,2016-06-17 15:38:55,福建高速公路
,129947,2016-07-08,路况施工,,双向南雅收费站-弓鱼枢纽,2016-06-17 15:20:19,,"LOCATION AT {27.0147 ,118.334}",G25线长深高速建瓯段南平往建瓯方向K2864处（过小桥服务区约7公里），发生地质灾害，占用主车道，该路段目前单车道通行，道路通行比较缓慢，请途经车辆谨慎驾驶，提前减速。,14,2016-06-17 15:25:44,福建高速公路
,129558,2016-07-08,路况施工,,双向永春湖洋收费站-仙游大济收费站,2016-06-14 09:55:47,,"LOCATION AT {-1 ,-1}",S12线莆永高速泉州段龙岩往莆田方向K92处(南岸隧道内，过永春湖洋收费站约2公里)，正在养护施工，占用主车道，该路段目前单车道通行，请途经车辆谨慎驾驶。,14,2016-06-14 10:00:15,福建高速公路
,129559,2016-07-08,路况施工,,双向永春湖洋收费站-仙游大济收费站,2016-06-14 09:55:00,,"LOCATION AT {-1 ,-1}",S12线莆永高速泉州段龙岩往莆田方向K90处(白鸽岭隧道内，过永春湖洋收费站约4公里)，正在养护施工，占用主车道，该路段目前单车道通行，请途经车辆谨慎驾驶。,14,2016-06-14 10:00:15,福建高速公路
,129344,2016-07-08,路况施工,,双向龙岩收费站-适中收费站,2016-06-12 16:58:55,,"LOCATION AT {24.967 ,117.106}",G76线厦蓉高速漳龙段龙岩往漳州方向K127（后祠隧道）进行养护施工，占用超车道，该路段目前单车道通行，请途经车辆谨慎驾驶、提前减速。,14,2016-06-12 17:23:46,福建高速公路
,129310,2016-07-08,路况施工,,安溪旗山收费站-永泰葛岭收费站,2016-06-12 15:35:52,,"LOCATION AT {25.8975 ,119.083}",S35线沈海复线福永段福州往仙游方向葛岭互通匝道正在养护施工，现实行临时交通管制：福州往葛岭收费站车辆请从旗山收费站、永泰东收费站下高速绕行；葛岭收费站入口往永泰、仙游方向车辆禁止通行。,14,2016-06-12 13:06:05,福建高速公路
,129126,2016-07-08,路况施工,,双向寿宁收费站-寿宁斜滩收费站,2016-06-09 20:19:45,,"LOCATION AT {-1 ,-1}",S1511福寿线（G4012）溧宁高速寿宁段福安往寿宁24K+900M（西岗隧道出口处）发生地质灾害，占用主车道，该路段目前单车道通行，请途经车辆谨慎驾驶，提前减速。,14,2016-06-09 20:24:06,福建高速公路
,128056,2016-07-08,路况施工,,广东苏坂收费站-雁石收费站,2016-06-06 09:50:52,,"LOCATION AT {-1 ,-1}",S12线莆永高速漳平段永春往永定方向K241处（距雁石收费约3公里）正在养护施工，占用主车道，该路段目前改道通行，请途经车辆谨慎驾驶，提前减速。,14,2016-05-29 08:51:09,福建高速公路
,128585,2016-07-08,路况施工,,广东下白石收费站-宁德北收费站,2016-06-03 17:44:43,,"LOCATION AT {26.759 ,119.589}",G15线沈海高速宁德段福鼎往宁德方向K1970+600处（过云淡服务区约600米）正在养护施工，占用主车道，该路段目前单车道通行，请途经车辆谨慎驾驶，提前减速。,14,2016-06-03 17:50:32,福建高速公路
,128352,2016-07-08,路况施工,,江西南靖丰田收费站-金山收费站,2016-06-01 15:10:28,,"LOCATION AT {24.6548 ,117.454}",G76线厦蓉高速漳州段漳州往龙岩方向K72+500至K73处（过南靖丰田收费所约1公里）正在养护施工，占用紧急停车带，请途经车辆谨慎驾驶，提前减速。,14,2016-06-01 15:15:06,福建高速公路
,128244,2016-07-08,路况施工,,双向南靖靖城收费站-漳州南收费站,2016-05-31 08:16:42,,"LOCATION AT {24.4699 ,117.606}",S1525漳州南连接线靖城往龙海方向K33至K30处（距漳州南收费所约4公里）正在养护施工，占用超车道，该路段目前单车道通行，请途经车辆谨慎驾驶，提前减速。,14,2016-05-31 08:20:46,福建高速公路
,128010,2016-07-08,路况施工,,双向雁石收费站-苏坂收费站,2016-05-28 23:24:45,,"LOCATION AT {-1 ,-1}",S12线莆永高速漳平段永定往永春方向K243处（过雁石收费约1公里）正在养护施工，占用主车道，该路段目前改道通行，请途经车辆谨慎驾驶，提前减速。,14,2016-05-28 23:29:29,福建高速公路
,127882,2016-07-08,路况施工,,安溪旗山收费站-永泰葛岭收费站,2016-05-27 12:41:00,,"LOCATION AT {25.8975 ,119.083}",S35线沈海复线福永段葛岭互通K21+550-K22+500处正在养护施工，现实行临时交通管制：封闭期间禁止车辆通行，预计管制时间为12：42-13：00，请途经车辆注意绕行。,14,2016-05-27 12:45:02,福建高速公路
,127115,2016-07-08,路况施工,,广东飞鸾枢纽-飞鸾岭收费站,2016-05-20 13:15:39,,"LOCATION AT {26.5836 ,119.602}",G15线沈海高速罗宁路段飞鸾征管所（K1994+869）因新建岗亭施工，需关闭出入口ETC车道，预计恢复时间为2016年8月20日。,14,2016-05-20 08:27:30,福建高速公路
,126939,2016-07-08,路况施工,,广东厦门收费站-杏林收费站,2016-05-18 10:22:08,,"LOCATION AT {24.6107 ,118.052}",G15线沈海高速泉厦厦门段福州往厦门方向K2308+300处（过厦门收费站约3公里）因地铁施工影响高速通行，现布控第三、四、应急车道，请途经车辆谨慎驾驶，提前减速。,14,2016-05-18 10:26:22,福建高速公路
,123260,2016-07-08,路况施工,,光泽邵武水北收费站-光泽收费站,2016-05-16 09:36:59,,"LOCATION AT {25.2858 ,117.642}",S10线宁光高速邵武段光泽往邵武方向K184+750-K184+000处（过云灵山服务区约1公里）正在养护施工，占用双车道，该路段目前邵武往光泽方向并道双向通行，道路通行比较缓慢，请途经车辆谨慎驾驶，提前减速。,14,2016-04-09 14:19:57,福建高速公路
,126566,2016-07-08,路况施工,,顺昌峡阳收费站-顺昌收费站,2016-05-14 11:16:28,,"LOCATION AT {25.3835 ,118.451}",S10线宁光高速顺昌段南平往顺昌方向K91+232处（距顺昌收费站约2公里，顺昌1#隧道口），正在养护施工，占用主车道，该路段目前单车道通行，请途经车辆谨慎驾驶，提前减速。,14,2016-05-14 11:20:17,福建高速公路
,126557,2016-07-08,路况施工,,安溪永泰葛岭收费站-永泰东收费站,2016-05-14 09:21:18,,"LOCATION AT {25.8626 ,119}",S35线沈海复线福永段福州往仙游方向K31+200、K31+412处（距永泰东收费所0.5公里），K38+140、K39+524、K40+120处（距永泰东收费所1公里），K57+52、K58+192、K58+620、K59+124处（距梧桐收费所1公里）正在养护施工，占用主车道，请途经车辆谨慎驾驶，提前减速。,14,2016-05-14 09:25:39,福建高速公路
,125624,2016-07-08,路况施工,,江西龙岩西收费站-龙岩古田收费站,2016-05-05 09:18:10,,"LOCATION AT {25.121 ,116.923}",G76线厦蓉高速龙岩往长汀方向K156（京源口隧道，过龙岩西收费站3公里）正在养护施工，占用主车道，该路段目前单车道通行，请途经车辆谨慎驾驶，提前减速。,14,2016-05-05 09:00:56,福建高速公路
,125162,2016-07-08,路况施工,,广东漳州枢纽-龙海收费站,2016-04-29 14:20:43,,"LOCATION AT {24.4938 ,117.791}","G15线沈海高速厦漳漳州段漳州往广东方向及广东往漳州方向K2338至K2344处（翠林大桥,漳州互通至龙海互通）正在养护施工，占用超车道及紧急停车带施工，目前该路段A、B道均为单车道通行，道路通行比较缓慢，请途经车辆谨慎驾驶，提前减速。",14,2016-04-29 14:24:16,福建高速公路
,124626,2016-07-08,路况施工,,双向明溪收费站-畔溪枢纽,2016-04-23 22:27:17,,"LOCATION AT {-1 ,-1}",G1517线莆炎高速三明南段明溪往三明方向K15-13处（过明溪收费站约14公里）正在养护施工，占用双车道，该路段目前三明往明溪方向并道双向通行，道路通行比较缓慢，请途经车辆谨慎驾驶，提前减速。,14,2016-04-23 22:31:14,福建高速公路
,111211,2016-07-08,路况施工,,双向建宁收费站-寨下收费站,2016-04-12 15:35:05,,"LOCATION AT {26.8699 ,116.924}",S0311线浦建高速泰宁段建宁往泰宁方向K269-K265处（旗山隧道内，距寨下收费站约8公里）正在养护施工，占用超车道，该路段目前单车道通行，请途径车辆谨慎驾驶，提前减速。,14,2015-10-30 09:42:09,福建高速公路
,123021,2016-07-08,路况施工,,江西宁化收费站-石壁收费站,2016-04-06 17:46:23,,"LOCATION AT {26.2619 ,116.527}",G72线泉南高速宁化段K312处（石壁收费站下匝道）正在养护施工，现实行临时交通管制：泉州往江西方向石壁收费站禁止下高速，预计管制持续至2016年7月22日，请途经车辆注意绕行。,14,2016-04-06 17:51:18,福建高速公路
,122362,2016-07-08,路况施工,,双向华安沙建收费站-华安土楼收费站,2016-03-29 16:02:57,,"LOCATION AT {24.672 ,117.663}",S7211线永漳高速漳州段漳州往永安方向K117处（距华安土楼收费所约6公里）正在养护施工，占用主车道，该路段目前单车道通行，请途经车辆谨慎驾驶，提前减速。,14,2016-03-29 16:06:42,福建高速公路
,122144,2016-07-08,路况施工,,双向水古收费站-罗源收费站,2016-03-27 08:09:43,,"LOCATION AT {26.473 ,119.504}",G15线沈海高速罗宁路段泉州往宁德方向K2012—K1999（距水古收费站约100米），正在养护施工，在超车道与主车道轮流布控，该路段目前单车道通行，请途经车辆谨慎驾驶，提前减速。,14,2016-03-27 08:13:02,福建高速公路
,121983,2016-07-08,路况施工,,双向福安收费站-赛岐收费站,2016-03-25 08:14:25,,"LOCATION AT {27.0597 ,119.67}",G1514线宁上高速宁德段周宁往湾坞方向K32+800处（江家渡隧道，距福安收费站约2公里）正在养护施工，占用超车道，该路段目前单车道通行，请途经车辆谨慎驾驶，提前减速。,14,2016-03-25 08:17:59,福建高速公路
,111212,2016-07-08,路况施工,,江西寨下收费站-建宁收费站,2016-02-17 10:39:31,,"LOCATION AT {26.8887 ,116.965}",S0311线浦建高速建宁段泰宁往建宁方向K265-269处（旗山隧道内，距建宁收费站约9公里）正在养护施工，占用超车道，该路段目前单车道通行，请途经车辆谨慎驾驶，提前减速。,14,2015-10-30 09:40:55,福建高速公路
,116017,2016-07-08,路况施工,,安溪旗山收费站-永泰葛岭收费站,2015-12-23 11:04:01,,"LOCATION AT {25.8975 ,119.083}",S35线沈海复线福永段A道葛岭互通匝道正在养护施工，现实行临时交通管制：福州往葛岭收费站车辆请从旗山收费站、永泰东收费站下高速绕行；葛岭收费站入口往永泰、仙游方向车辆禁止通行,14,2015-12-23 11:08:14,福建高速公路
