spider_oid,spider_fststake,spider_lststake,spider_direction,spider_dist,spider_postdate,spider_ref,START_TIME,END_TIME,spider_status,fake_dist,fake_direction,event_type,reason,event_source,start_time,end_time,loc_name,cycle,begin_end,ref_point,ref_point_type,description,is_sure,speed,available,occupy,weather,city,link_info,eventid,deleted
111211,K269,K265,建宁收费站-寨下收费站,4000.0,2015-10-30 09:42:09,14,2016-04-12 15:35:05,,,,,,2,福建高速公路,1460446505000,0,S0311|浦建高速,,,"116.924 ,26.8699",4,S0311线浦建高速泰宁段建宁往泰宁方向K269-K265处（旗山隧道内，距寨下收费站约8公里）正在养护施工，占用超车道，该路段目前单车道通行，请途径车辆谨慎驾驶，提前减速。,0,,,,,,,,
111212,K265+400,K269+950,寨下收费站-建宁收费站,4550.0,2015-10-30 09:40:55,14,2016-07-19 09:28:47,,,,,,2,福建高速公路,1468891727000,0,S0311|浦建高速,,,"116.965 ,26.8887",4,S0311线浦建高速建宁段泰宁往建宁方向K265+400-K269+950（旗山隧道内，距建宁收费站约12公里）正在养护施工，占用超车道，该路段目前单车道通行，请途经车辆谨慎驾驶，提前减速。,0,,,,,,,,
116017,k6.65,k21.53,旗山收费站-永泰葛岭收费站,-1.0,2015-12-23 11:08:14,14,2015-12-23 11:04:01,,,,,,2,福建高速公路,1450839841000,0,S35|S35线沈海复线,,,"119.083 ,25.8975",4,S35线沈海复线福永段A道葛岭互通匝道正在养护施工，现实行临时交通管制：福州往葛岭收费站车辆请从旗山收费站、永泰东收费站下高速绕行；葛岭收费站入口往永泰、仙游方向车辆禁止通行,0,,,,,,,,
121983,K32+800,K32+800,福安收费站-赛岐收费站,0.0,2016-03-25 08:17:59,14,2016-03-25 08:14:25,,,,,,2,福建高速公路,1458864865000,0,G1514|宁上高速,,,"119.67 ,27.0597",4,G1514线宁上高速宁德段周宁往湾坞方向K32+800处（江家渡隧道，距福安收费站约2公里）正在养护施工，占用超车道，该路段目前单车道通行，请途经车辆谨慎驾驶，提前减速。,0,,,,,,,,
122144,K2012,K1999,水古收费站-罗源收费站,13000.0,2016-03-27 08:13:02,14,2016-03-27 08:09:43,,,,,,2,福建高速公路,1459037383000,0,G15|沈海高速,,,"119.504 ,26.473",4,G15线沈海高速罗宁路段泉州往宁德方向K2012—K1999（距水古收费站约100米），正在养护施工，在超车道与主车道轮流布控，该路段目前单车道通行，请途经车辆谨慎驾驶，提前减速。,0,,,,,,,,
123021,K312,K312,宁化收费站-石壁收费站,0.0,2016-04-06 17:51:18,14,2016-04-06 17:46:23,,,,,,2,福建高速公路,1459935983000,0,G72|泉南高速,,,"116.527 ,26.2619",4,G72线泉南高速宁化段K312处（石壁收费站下匝道）正在养护施工，现实行临时交通管制：泉州往江西方向石壁收费站禁止下高速，预计管制持续至2016年7月22日，请途经车辆注意绕行。,0,,,,,,,,
123260,K184+750,K184+000,邵武水北收费站-光泽收费站,750.0,2016-04-09 14:19:57,14,2016-08-15 16:50:25,,,,,,2,福建高速公路,1471251025000,0,S10|宁光高速,,,"117.43 ,27.4232",4,S10线宁光高速邵武段光泽往邵武方向K184+750-K184+000处（过云灵山服务区约1公里）正在养护施工，占用双车道，该路段目前邵武往光泽方向并道双向通行，道路通行比较缓慢，请途经车辆谨慎驾驶，提前减速。,0,,,,,,,,
124626,K15,13,明溪收费站-畔溪枢纽,2000.0,2016-04-23 22:31:14,14,2016-04-23 22:27:17,,,,,,2,福建高速公路,1461421637000,0,G1517|莆炎高速,,,"-1 ,-1",4,G1517线莆炎高速三明南段明溪往三明方向K15-13处（过明溪收费站约14公里）正在养护施工，占用双车道，该路段目前三明往明溪方向并道双向通行，道路通行比较缓慢，请途经车辆谨慎驾驶，提前减速。,0,,,,,,,,
125162,K2338,K2344,漳州枢纽-龙海收费站,6000.0,2016-04-29 14:24:16,14,2016-07-28 11:41:52,,,,,,2,福建高速公路,1469677312000,0,G15|沈海高速,,,"117.791 ,24.4938",4,"G15线沈海高速厦漳漳州段漳州往广东方向及广东往漳州方向K2338至K2344处（翠林大桥,漳州互通至龙海互通）正在养护施工，占用超车道及紧急停车带施工，目前该路段A、B道均为单车道通行，道路通行比较缓慢，请途经车辆谨慎驾驶，提前减速。",0,,,,,,,,
125624,K156,K156,龙岩西收费站-龙岩古田收费站,0.0,2016-05-05 09:00:56,14,2016-05-05 09:18:10,,,,,,2,福建高速公路,1462411090000,0,G76|厦蓉高速,,,"116.923 ,25.121",4,G76线厦蓉高速龙岩往长汀方向K156（京源口隧道，过龙岩西收费站3公里）正在养护施工，占用主车道，该路段目前单车道通行，请途经车辆谨慎驾驶，提前减速。,0,,,,,,,,
126557,K59+124,K59+124,永泰葛岭收费站-永泰东收费站,0.0,2016-05-14 09:25:39,14,2016-05-14 09:21:18,,,,,,2,福建高速公路,1463188878000,0,S35|S35线沈海复线,,,"119 ,25.8626",4,S35线沈海复线福永段福州往仙游方向K31+200、K31+412处（距永泰东收费所0.5公里），K38+140、K39+524、K40+120处（距永泰东收费所1公里），K57+52、K58+192、K58+620、K59+124处（距梧桐收费所1公里）正在养护施工，占用主车道，请途经车辆谨慎驾驶，提前减速。,0,,,,,,,,
126566,K91+232,K91+232,峡阳收费站-顺昌收费站,0.0,2016-05-14 11:20:17,14,2016-07-13 11:27:35,,,,,,2,福建高速公路,1468380455000,0,S10|宁光高速,,,"117.841 ,26.7903",4,S10线宁光高速顺昌段南平往顺昌方向K91+232处（距顺昌收费站约2公里，顺昌1#隧道口），正在养护施工，占用主车道，该路段目前单车道通行，请途经车辆谨慎驾驶，提前减速。,0,,,,,,,,
126939,K2308+300,K2308+300,厦门收费站-杏林收费站,0.0,2016-05-18 10:26:22,14,2016-05-18 10:22:08,,,,,,2,福建高速公路,1463538128000,0,G15|沈海高速,,,"118.052 ,24.6107",4,G15线沈海高速泉厦厦门段福州往厦门方向K2308+300处（过厦门收费站约3公里）因地铁施工影响高速通行，现布控第三、四、应急车道，请途经车辆谨慎驾驶，提前减速。,0,,,,,,,,
127115,K1994+869,K1994+869,飞鸾枢纽-飞鸾岭收费站,0.0,2016-05-20 08:27:30,14,2016-05-20 13:15:39,,,,,,2,福建高速公路,1463721339000,0,G15|沈海高速,,,"119.602 ,26.5836",4,G15线沈海高速罗宁路段飞鸾征管所（K1994+869）因新建岗亭施工，需关闭出入口ETC车道，预计恢复时间为2016年8月20日。,0,,,,,,,,
127882,K21+550,K22+500,旗山收费站-永泰葛岭收费站,950.0,2016-05-27 12:45:02,14,2016-05-27 12:41:00,,,,,,2,福建高速公路,1464324060000,0,S35|S35线沈海复线,,,"119.083 ,25.8975",4,S35线沈海复线福永段葛岭互通K21+550-K22+500处正在养护施工，现实行临时交通管制：封闭期间禁止车辆通行，预计管制时间为12：42-13：00，请途经车辆注意绕行。,0,,,,,,,,
128010,K243,K243,雁石收费站-苏坂收费站,0.0,2016-05-28 23:29:29,14,2016-05-28 23:24:45,,,,,,2,福建高速公路,1464449085000,0,S12|莆永高速,,,"-1 ,-1",4,S12线莆永高速漳平段永定往永春方向K243处（过雁石收费约1公里）正在养护施工，占用主车道，该路段目前改道通行，请途经车辆谨慎驾驶，提前减速。,0,,,,,,,,
128244,K33,K30,南靖靖城收费站-漳州南收费站,3000.0,2016-05-31 08:20:46,14,2016-05-31 08:16:42,,,,,,2,福建高速公路,1464653802000,0,S1525漳州南连接|,,,"117.606 ,24.4699",4,S1525漳州南连接线靖城往龙海方向K33至K30处（距漳州南收费所约4公里）正在养护施工，占用超车道，该路段目前单车道通行，请途经车辆谨慎驾驶，提前减速。,0,,,,,,,,
128352,K72+500,K73,南靖丰田收费站-金山收费站,500.0,2016-06-01 15:15:06,14,2016-06-01 15:10:28,,,,,,2,福建高速公路,1464765028000,0,G76|厦蓉高速,,,"117.454 ,24.6548",4,G76线厦蓉高速漳州段漳州往龙岩方向K72+500至K73处（过南靖丰田收费所约1公里）正在养护施工，占用紧急停车带，请途经车辆谨慎驾驶，提前减速。,0,,,,,,,,
129310,k6.65,k21.53,旗山收费站-永泰葛岭收费站,-1.0,2016-06-12 13:06:05,14,2016-06-12 15:35:52,,,,,,2,福建高速公路,1465716952000,0,S35|S35线沈海复线,,,"119.083 ,25.8975",4,S35线沈海复线福永段福州往仙游方向葛岭互通匝道正在养护施工，现实行临时交通管制：福州往葛岭收费站车辆请从旗山收费站、永泰东收费站下高速绕行；葛岭收费站入口往永泰、仙游方向车辆禁止通行。,0,,,,,,,,
129344,K127,K127,龙岩收费站-适中收费站,0.0,2016-06-12 17:23:46,14,2016-06-12 16:58:55,,,,,,2,福建高速公路,1465721935000,0,G76|厦蓉高速,,,"117.106 ,24.967",4,G76线厦蓉高速漳龙段龙岩往漳州方向K127（后祠隧道）进行养护施工，占用超车道，该路段目前单车道通行，请途经车辆谨慎驾驶、提前减速。,0,,,,,,,,
129947,K2864,K2864,南雅收费站-弓鱼枢纽,0.0,2016-06-17 15:25:44,14,2016-08-15 16:56:24,,,,,,2,福建高速公路,1471251384000,0,G25|长深高速,,,"118.334 ,27.0147",4,G25线长深高速建瓯段南平往建瓯方向K2864处（过小桥服务区约7公里），发生地质灾害，占用主车道，该路段目前单车道通行，道路通行比较缓慢，请途经车辆谨慎驾驶，提前减速。,0,,,,,,,,
129950,K92+855,K92+855,顺昌收费站-峡阳收费站,0.0,2016-06-17 15:38:55,14,2016-08-03 16:10:21,,,,,,2,福建高速公路,1470211821000,0,S10|宁光高速,,,"117.836 ,26.8043",4,S10线宁光高速顺昌段顺昌往南平方向K92+855处（过顺昌收费站约500米，顺昌3#隧道口），正在养护施工，占用应急车道，该路段目前单车道通行，请途经车辆谨慎驾驶，提前减速。,0,,,,,,,,
130453,K20,K24,海沧枢纽-长泰天柱山收费站,4000.0,2016-06-22 17:09:32,14,2016-08-23 11:37:18,,,,,,2,福建高速公路,1471923438000,0,G76|厦蓉高速,,,"117.891 ,24.5687",4,G76线厦蓉高速漳州段厦门往龙岩方向K20至K24（天成山隧道，距天柱山收费所约4公里）正在养护施工，占用第一、二车道，该路段目前单车道通行，请途经车辆谨慎驾驶，提前减速。,0,,,,,,,,
130488,K288,K289,宁上闽赣收费站-宁上闽赣交界,1000.0,2016-06-23 08:31:45,14,2016-06-23 08:16:58,,,,,,2,福建高速公路,1466641018000,0,G1514宁上高速武夷山段宁上闽赣往江西上饶方向K288-K289处（过洋庄服务区约8公里，大安岭隧道内），正在养护施工，占用主车道，该路段目前单车道通行，道路通行比较缓慢，请途经车辆谨慎驾驶，提前减速。|,,,"117.905 ,27.8545",4,G1514宁上高速武夷山段宁上闽赣往江西上饶方向K288-K289处（过洋庄服务区约8公里，大安岭隧道内），正在养护施工，占用主车道，该路段目前单车道通行，道路通行比较缓慢，请途经车辆谨慎驾驶，提前减速。,0,,,,,,,,
130511,K159+150,K159+150,罗源湾收费站-飞鸾枢纽,0.0,2016-06-23 09:48:54,14,2016-06-23 09:44:10,,,,,,2,福建高速公路,1466646250000,0,接养护中心通知：G15W3|,,,"119.605 ,26.4818",4,接养护中心通知：G15W3线沈海复线福州段福州往宁德方向K159+150（过罗源湾收费站约2公里）正在养护施工，占用紧急停车道，请途经车辆谨慎驾驶，提前减速。,0,,,,,,,,
130619,K82+900,K82+500,金山收费站-南靖丰田收费站,400.0,2016-06-24 13:25:43,14,2016-06-24 13:21:31,,,,,,2,福建高速公路,1466745691000,0,G76|厦蓉高速,,,"117.394 ,24.7271",4,G76线厦蓉高速漳州段龙岩往漳州方向K82+900至K82+500处(过金山收费所约8公里)正在养护施工，占用紧急停车带，请途经车辆谨慎驾驶，提前减速。,0,,,,,,,,
131099,K2019,K2021,水古收费站-丹阳收费站,2000.0,2016-06-29 10:46:53,14,2016-08-20 10:11:00,,,,,,2,福建高速公路,1471659060000,0,G15|沈海高速,,,"119.493 ,26.413",4,G15线沈海高速罗长段宁德往福州方向K2019-K2021（过丹阳收费站约3公里）正在养护施工，占用快车道，该路段目前单车道通行，请途经车辆谨慎驾驶，提前减速。,0,,,,,,,,
131523,K45+700,K45+700,永泰西收费站-永泰梧桐收费站,0.0,2016-07-03 16:16:09,14,2016-07-03 16:09:24,,,,,,2,福建高速公路,1467533364000,0,S35|S35线沈海复线,,,"117.323 ,24.3199",4,S35线沈海复线福永段福州往梧桐、仙游方向K45+700处（过永泰西收费所约5公里）正在养护施工，占用慢车道、应急车道，请途经车辆谨慎驾驶，提前减速。,0,,,,,,,,
132011,K2892+100,K2892+100,大横收费站-南雅收费站,0.0,2016-07-08 13:06:15,14,2016-07-08 13:04:39,,,,,,2,福建高速公路,1467954279000,0,G25|长深高速,,,"118.267 ,26.7974",4,G25线长深高速延平段南平往建瓯方向K2892+100处（过大横收费站约1公里），正在养护施工，占用主车道，该路段目前单车道通行，道路通行比较缓慢，请途经车辆谨慎驾驶，提前减速。,0,,,,,,,,
132022,K80+700,K80+400,金山收费站-南靖丰田收费站,300.0,2016-07-08 16:09:08,14,2016-07-08 16:06:51,,,,,,2,福建高速公路,1467965211000,0,G76|厦蓉高速,,,"117.409 ,24.715",4,G76线厦蓉高速漳州段龙岩往漳州方向K80+700至K80+400处（距南靖丰田收费所约8公里）正在养护施工，占用紧急停车带，请途经车辆谨慎驾驶，提前减速。,0,,,,,,,,
132289,K18,K18,旗山收费站-永泰葛岭收费站,0.0,2016-07-11 16:28:50,14,2016-07-11 16:35:39,,,,,,2,福建高速公路,1468226139000,0,S35|S35线沈海复线,,,"119.147 ,25.9111",4,S35线沈海复线福永段福州往仙游方向K18（距葛岭收费站约4公里，门前山隧道A道出口处）正在养护施工，占用应急车道，请途经车辆谨慎驾驶，提前减速。,0,,,,,,,,
132291,K18,K18,永泰葛岭收费站-旗山收费站,0.0,2016-07-11 16:37:29,14,2016-07-11 16:35:20,,,,,,2,福建高速公路,1468226120000,0,S35|S35线沈海复线,,,"119.147 ,25.911",4,S35线沈海复线福永段仙游往福州方向K18（过葛岭收费站4公里，门前山隧道入口处）正在养护施工，占用主车道和慢车道，该路段目前单车道通行，请途经车辆谨慎驾驶，提前减速。,0,,,,,,,,
132296,K73+600,K73+400,金山收费站-南靖丰田收费站,200.0,2016-07-11 17:56:23,14,2016-07-11 17:54:11,,,,,,2,福建高速公路,1468230851000,0,G76|厦蓉高速,,,"117.448 ,24.6633",4,G76线厦蓉高速漳州段龙岩往漳州方向K73+600至K73+400处（过南靖丰田收费所约1公里）正在养护施工，占用紧急停车带，请途经车辆谨慎驾驶，提前减速。,0,,,,,,,,
132297,K73+000,K72+600,南靖丰田收费站-天宝枢纽,400.0,2016-07-11 17:55:19,14,2016-07-11 17:53:22,,,,,,2,福建高速公路,1468230802000,0,G76|厦蓉高速,,,"117.457 ,24.6514",4,G76线厦蓉高速漳州段龙岩往漳州方向K73+000至K72+600处（过南靖丰田收费所约500米）正在养护施工，占用紧急停车带，请途经车辆谨慎驾驶，提前减速。,0,,,,,,,,
132697,K104,107,洋中收费站-金沙收费站,3000.0,2016-07-16 06:42:28,14,2016-07-16 08:18:35,,,,,,2,福建高速公路,1468628315000,0,G70|福银高速,,,"118.611 ,26.2624",4,G70线福银高速洋中段三明往福州方向K104-107处（距官洋服务区约3公里）正在养护施工，占用双车道，该路段目前福州往三明方向并道双向通行，道路通行比较缓慢，请途经车辆谨慎驾驶，提前减速。,0,,,,,,,,
132754,K338,K338,永定土楼收费站-永定下洋收费站,0.0,2016-07-16 10:06:10,14,2016-07-23 16:42:36,,,,,,2,福建高速公路,1469263356000,0,S12|莆永高速,,,"116.853 ,24.6312",4,S12线莆永高速永定段龙岩往永定方向K338处（下洋互通）正在进行养护施工，占用主车道，该路段目前单车道通行，请途经车辆谨慎驾驶，提前减速。,0,,,,,,,,
132857,K2846,K2846,建瓯东峰收费站-建瓯枢纽,0.0,2016-07-17 13:33:08,14,2016-07-17 13:30:39,,,,,,2,福建高速公路,1468733439000,0,G25|长深高速,,,"118.496 ,27.0671",4,G25线长深高速建瓯段东峰往建瓯方向K2846处（距北苑服务区约1公里），正在养护施工，占用主车道，该路段目前单车道通行，道路通行比较缓慢，请途经车辆谨慎驾驶，提前减速。,0,,,,,,,,
132859,K2846,K2846,建瓯枢纽-建瓯东峰收费站,0.0,2016-07-17 13:38:34,14,2016-07-17 13:36:52,,,,,,2,福建高速公路,1468733812000,0,G25|长深高速,,,"118.496 ,27.067",4,G25线长深高速建瓯段建瓯往东峰方向K2846处（过北苑服务区约1公里），正在养护施工，占用主车道，该路段目前单车道通行，道路通行比较缓慢，请途经车辆谨慎驾驶，提前减速。,0,,,,,,,,
132895,K75+000,K74+600,金山收费站-南靖丰田收费站,400.0,2016-07-17 17:22:59,14,2016-07-17 17:21:12,,,,,,2,福建高速公路,1468747272000,0,G76|厦蓉高速,,,"117.441 ,24.6693",4,G76线厦蓉高速漳州段龙岩往厦门方向K75+000至K74+600处（距南靖丰田收费所约2公里）正在养护施工，占用超车道，该路段目前单车道通行，请途经车辆谨慎驾驶，提前减速。,0,,,,,,,,
132991,K249+200,K246+820,嵩口收费站-明溪南收费站,2380.0,2016-07-18 22:17:50,14,2016-07-22 11:26:53,,,,,,2,福建高速公路,1469158013000,0,G72|泉南高速,,,"117.114 ,26.1912",4,G72线泉南高速清流段江西往泉州方向K249+200-K246+820（石壁前隧道内，距明溪南收费站约12公里）正在养护施工，占用主车道，该路段目前单车道通行，请途经车辆谨慎驾驶，提前减速。,0,,,,,,,,
133112,K18+300,K18+300,永泰葛岭收费站-旗山收费站,0.0,2016-07-20 08:00:10,14,2016-07-20 07:58:46,,,,,,2,福建高速公路,1468972726000,0,S35|S35线沈海复线,,,"118.908 ,25.7297",4,S35线沈海复线福永段永泰往福州方向K18+300（过葛岭收费所约3公里）正在养护施工，占用主车道、慢车道、紧急停车道，该路段目前单车道通行，请途经车辆谨慎驾驶，提前减速。,0,,,,,,,,
133114,K18+300,K18+300,旗山收费站-永泰葛岭收费站,0.0,2016-07-20 08:03:07,14,2016-07-20 08:00:44,,,,,,2,福建高速公路,1468972844000,0,S35|S35线沈海复线,,,"119.109 ,25.8995",4,S35线沈海复线福永段福州往永泰方向K18+300（距葛岭收费所约3公里）正在养护施工，占用紧急停车道道，请途经车辆谨慎驾驶，提前减速。,0,,,,,,,,
133175,K24,K20,长泰天柱山收费站-海沧枢纽,4000.0,2016-07-20 15:57:16,14,2016-07-31 19:27:28,,,,,,2,福建高速公路,1469964448000,0,G76|厦蓉高速,,,"117.867 ,24.5979",4,G76线厦蓉高速漳州段龙岩往厦门方向K24至K20（天成山隧道，过天柱山收费所约4公里）正在养护施工，占用第三车道，请途经车辆谨慎驾驶，提前减速。,0,,,,,,,,
133238,K180,K180,南安金淘收费站-安溪东收费站,0.0,2016-07-21 14:22:42,14,2016-07-21 14:20:40,,,,,,2,福建高速公路,1469082040000,0,S35|S35线沈海复线,,,"118.142 ,25.048",4,S35线沈海复线泉州段莆田往厦门方向K180处（过安溪收费站约3公里），正在养护施工，占用超车道，该路段目前主、慢车道可正常通行，请途经车辆谨慎驾驶。,0,,,,,,,,
133281,K70,K70+300,天宝枢纽-南靖丰田收费站,300.0,2016-07-21 19:19:13,14,2016-07-21 19:17:00,,,,,,2,福建高速公路,1469099820000,0,G76|厦蓉高速,,,"117.476 ,24.6469",4,G76线厦蓉高速漳州段漳州往龙岩方向AK70至K70+300处（过南靖丰田收费所约2公里）正在养护施工，占用超车道，该路段目前单车道通行，请途经车辆谨慎驾驶，提前减速。,0,,,,,,,,
133312,K93+500,K93+500,仙游大济收费站-永春湖洋收费站,0.0,2016-07-22 08:52:03,14,2016-07-22 08:48:49,,,,,,2,福建高速公路,1469148529000,0,S12|莆永高速,,,"118.431 ,25.3763",4,S12线莆永高速泉州段莆田往龙岩方向K93+500处(距永春湖洋收费站约1公里)，正在养护施工，占用紧急停车道，该路段目前超车道、主车道通行，请途经车辆谨慎驾驶。,0,,,,,,,,
133398,K13+700,K14+500,旗山收费站-永泰葛岭收费站,800.0,2016-07-23 07:52:55,14,2016-07-23 07:50:55,,,,,,2,福建高速公路,1469231455000,0,S35|S35线沈海复线,,,"119.157 ,25.9133",4,S35线沈海复线福永段福州往永泰方向K13+700—K14+500（过旗山收费所约7公里）正在养护施工，占用应急车道、主车道，请途经车辆谨慎驾驶，提前减速。,0,,,,,,,,
133663,K197+80,K195+921,将口收费站-水吉收费站,1879.0,2016-07-26 21:04:24,14,2016-07-26 21:01:50,,,,,,2,福建高速公路,1469538110000,0,G1514|宁上高速,,,"118.324 ,27.4258",4,G1514线宁上高速建阳段武夷山往政和方向K197+80-K195+921处（过仁山服务区约1公里，营头、七里排隧道内），正在养护施工，占用主车道，该路段目前单车道通行，请途经车辆谨慎驾驶，提前减速。,0,,,,,,,,
133675,K3231+300,K3231+300,武平十方收费站-岩前收费站,0.0,2016-07-26 16:02:56,14,2016-07-26 17:36:52,,,,,,2,福建高速公路,1469525812000,0,G25|长深高速,,,"116.226 ,24.9604",4,"G25线长深高速上杭段上杭往广东方向K3231+300(龙井隧道，过十方收费站7公里)正在养护施工，占用主车道,该路段目前单车道通行，请途经车辆谨慎驾驶,提前减速。",0,,,,,,,,
133702,K2069+800,K2069+800,琯头收费站-马尾枢纽,0.0,2016-07-27 06:36:33,14,2016-07-27 06:34:02,,,,,,2,福建高速公路,1469572442000,0,G15|沈海高速,,,"119.477 ,26.0141",4,G15线沈海高速罗长段宁德往福州方向K2069+800处（距马尾收费站约1公里）正在养护施工，占用超车道，该路段目前单车道通行，请途经车辆谨慎驾驶，提前减速。,0,,,,,,,,
133722,K73+400,K73+600,南靖丰田收费站-金山收费站,200.0,2016-07-27 08:17:50,14,2016-08-06 15:15:50,,,,,,2,福建高速公路,1470467750000,0,G76|厦蓉高速,,,"117.45 ,24.6622",4,G76线厦蓉高速漳州段漳州往龙岩方向K73+400至K73+600处（过南靖丰田收费所约1公里）正在养护施工，占用紧急停车带，请途经车辆谨慎驾驶，提前减速。,0,,,,,,,,
133723,K2283+600,K2283+600,翔安收费站-西锦枢纽,0.0,2016-07-27 08:23:05,14,2016-07-27 08:19:34,,,,,,2,福建高速公路,1469578774000,0,G15|沈海高速,,,"118.265 ,24.6809",4,G15线沈海高速泉厦厦门段厦门往泉州方向K2283+600处（过翔安收费站约3公里）正在养护施工，布控第一车道，目前道路可正常通行，请途经车辆谨慎驾驶，提前减速。,0,,,,,,,,
133724,K80+400,K80+700,南靖丰田收费站-金山收费站,300.0,2016-07-27 08:19:32,14,2016-07-27 08:17:50,,,,,,2,福建高速公路,1469578670000,0,G76|厦蓉高速,,,"117.414 ,24.7128",4,G76线厦蓉高速漳州段漳州往龙岩方向K80+400至K80+700处（过南靖丰田收费所约8公里）正在养护施工，占用紧急停车带，请途经车辆谨慎驾驶，提前减速。,0,,,,,,,,
133920,K195+500,K194+800,和平收费站-邵武西收费站,700.0,2016-08-01 12:38:34,14,2016-07-29 08:47:52,,,,,,2,福建高速公路,1469753272000,0,S0311|浦建高速,,,"117.399 ,27.1762",4,S0311线浦建高速邵武段和平往武夷山方向K195+500—K194+800处(距大埠岗服务区约1公里)，正在养护施工，占用主车道，该路段目前单车道通行，道路通行比较缓慢，请途经车辆谨慎驾驶，提前减速。,0,,,,,,,,
134449,K61+500,K61+900,天宝枢纽-南靖丰田收费站,400.0,2016-08-04 13:02:47,14,2016-08-06 15:22:48,,,,,,2,福建高速公路,1470468168000,0,G76|厦蓉高速,,,"117.556 ,24.625",4,G76线厦蓉高速漳州段漳州往龙岩方向K61+500至K61+900处（距南靖丰田收费所约11公里）正在养护施工，占用超车道，请途经车辆谨慎驾驶，提前减速。,0,,,,,,,,
134501,K31,K31,南安北收费站-亭川枢纽,0.0,2016-08-05 07:58:14,14,2016-08-06 15:08:11,,,,,,2,福建高速公路,1470467291000,0,G72|泉南高速,,,"118.405 ,25.0392",4,G72线泉南高速泉州段泉州往三明方向K31处（过南安北收费站约2公里），正在养护施工，占用慢车道、紧急停车带，目前该路段超车道、主车道可正常通行，请途经车辆谨慎驾驶。,0,,,,,,,,
134522,K87+800,K86+900,顺昌收费站-峡阳收费站,900.0,2016-08-05 11:31:09,14,2016-08-05 11:29:10,,,,,,2,福建高速公路,1470367750000,0,S10|宁光高速,,,"117.867 ,26.7716",4,S10线宁光高速延平段顺昌往南平方向K87+800-K86+900处（距延平峡阳收费站约5公里），正在养护施工，占用主车道，该路段目前单车道通行，请途经车辆谨慎驾驶，提前减速。,0,,,,,,,,
134583,K28+600,K28+600,马尾枢纽-福州东快安收费站,0.0,2016-08-06 06:30:13,14,2016-08-06 06:28:01,,,,,,2,福建高速公路,1470436081000,0,S1531|福州机场高速,,,"119.473 ,25.9955",4,S1531线福州机场高速机场往福州东方向K28+600处（距福州东收费站约4公里）正在养护施工，占用应急车道，请途经车辆谨慎驾驶，提前减速。,0,,,,,,,,
134585,K30,K30,永泰葛岭收费站-永泰东收费站,0.0,2016-08-06 07:09:06,14,2016-08-06 07:06:25,,,,,,2,福建高速公路,1470438385000,0,S35|福诏高速,,,"119.012 ,25.8656",4,S35线福诏高速漳州段漳州往广东方向K30处（宝丰隧道，过三平收费所约2公里）正在养护施工，占用超车道，该路段目前单车道通行，请途经车辆谨慎驾驶，提前减速。,0,,,,,,,,
134588,K99,K98,和溪收费站-金山收费站,1000.0,2016-08-06 07:23:11,14,2016-08-06 15:26:38,,,,,,2,福建高速公路,1470468398000,0,G76|厦蓉高速,,,"117.285 ,24.8196",4,"G76线厦蓉高速漳州段龙岩往漳州方向K99至K98处(后眷隧道,距金山收费所约8公里)正在养护施工，占用主车道，道路通行比较缓慢，请途经车辆谨慎驾驶，提前减速。",0,,,,,,,,
134591,K2298,K2296,厦门枢纽-同安收费站,2000.0,2016-08-06 07:45:39,14,2016-08-06 07:43:21,,,,,,2,福建高速公路,1470440601000,0,G15|沈海高速,,,"118.129 ,24.67",4,G15线沈海高速泉厦厦门段厦门往福州方向K2298--K2296处（距同安收费站约1公里）正在养护施工，布控第一车道，目前道路可正常通行，请途经车辆谨慎驾驶，提前减速。,0,,,,,,,,
134592,K2295,K2296,翔安收费站-同安收费站,1000.0,2016-08-06 07:45:39,14,2016-08-06 07:42:43,,,,,,2,福建高速公路,1470440563000,0,G15|沈海高速,,,"118.157 ,24.6793",4,G15线沈海高速泉厦厦门段福州往厦门方向K2295--K2296处（距同安收费站约2公里）正在养护施工，布控第一车道，目前道路可正常通行，请途经车辆谨慎驾驶，提前减速。,0,,,,,,,,
134594,K40,K45,永泰东收费站-永泰西收费站,5000.0,2016-08-06 07:53:58,14,2016-08-06 07:51:23,,,,,,2,福建高速公路,1470441083000,0,S35|S35线沈海复线,,,"118.923 ,25.8458",4,S35线沈海复线福永段福州往永泰、仙游方向K40（距永泰西收费所约100米）—K45（过永泰西收费所约5公里）正在养护施工，占用应急车道，请途经车辆谨慎驾驶，提前减速。,0,,,,,,,,
134596,K98,K99,金山收费站-和溪收费站,1000.0,2016-08-06 08:02:04,14,2016-08-06 07:59:32,,,,,,2,福建高速公路,1470441572000,0,G76|厦蓉高速,,,"117.292 ,24.8128",4,"G76线厦蓉高速漳州段漳州往龙岩方向K98至K99处(后眷隧道,过金山收费所约8公里)正在养护施工，占用主车道，该路段目前单车道通行，请途经车辆谨慎驾驶，提前减速。",0,,,,,,,,
134600,K13,K14,龙海港尾收费站-漳州招银港收费站,1000.0,2016-08-06 08:20:23,14,2016-08-06 15:28:04,,,,,,2,福建高速公路,1470468484000,0,S1591|招银港高速,,,"117.984 ,24.3569",4,S1591线招银港高速漳州往厦漳大桥方向K13至K14处（碑仔头隧道，过港尾收费所约1公里）正在养护施工，占用第三车道，请途经车辆谨慎驾驶，提前减速。,0,,,,,,,,
134603,K12,K12,泉州南收费站-泉州西收费站,0.0,2016-08-06 08:32:38,14,2016-08-06 14:25:54,,,,,,2,福建高速公路,1470464754000,0,G72|泉南高速,,,"118.508 ,24.9166",4,G72线泉南高速泉州段泉州往三明方向K12处（过泉州西收费站约500米），正在养护施工，占用超车道，目前该路段慢车道、主车道可正常通行，请途经车辆谨慎驾驶。,0,,,,,,,,
134605,K15,K15,漳州南收费站-龙海东泗收费站,0.0,2016-08-06 08:56:46,14,2016-08-06 08:54:56,,,,,,2,福建高速公路,1470444896000,0,S1525|,,,"117.735 ,24.369",4,S1525线漳州南连接线南靖往龙海方向K15处（大山隧道，距东泗收费所约1公里）正在养护施工，占用超车道，该路段目前单车道通行，请途经车辆谨慎驾驶，提前减速。,0,,,,,,,,
134610,K1875,K1875,太姥山收费站-八尺门收费站,0.0,2016-08-06 09:51:46,14,2016-08-06 09:48:24,,,,,,2,福建高速公路,1470448104000,0,G15|沈海高速,,,"120.245 ,27.1722",4,G15线沈海高速福鼎段宁德往福鼎方向K1875处（过太姥山收费站约8公里，吉坑隧道内）正在养护施工，占用超车道，该路段目前单车道通行，请途经车辆谨慎驾驶，提前减速。,0,,,,,,,,
134611,K2238+730,K2238+730,泉州收费站-池店收费站,0.0,2016-08-06 09:57:44,14,2016-08-06 09:55:13,,,,,,2,福建高速公路,1470448513000,0,G15|沈海高速,,,"118.615 ,24.8888",4,G15线沈海高速泉厦泉厦段福州往厦门方向K2238+730处（距池店收费站约5公里）因养护施工，布控应急车道，请途经车辆谨慎驾驶，提前减速。,0,,,,,,,,
134614,K144,K149,龙岩收费站-龙门枢纽,5000.0,2016-08-06 20:18:04,14,2016-08-06 15:44:47,,,,,,2,福建高速公路,1470469487000,0,G76|厦蓉高速,,,"117.013 ,25.0751",4,G76线厦蓉高速漳龙路段龙岩往长汀方向K144-K149（过龙岩所4公里）正在养护施工，由于施工需要实行改道，龙岩往长汀方向K144-K149路段道路封闭，长汀往龙岩方向K144-K149路段道路双向通行，预计9月29日解除。,0,,,,,,,,
134617,K68,K67,南靖丰田收费站-天宝枢纽,1000.0,2016-08-06 11:18:57,14,2016-08-06 15:18:01,,,,,,2,福建高速公路,1470467881000,0,G76|厦蓉高速,,,"117.494 ,24.6409",4,G76线厦蓉高速漳州段龙岩往漳州方向K68至K67处（风霜岭隧道，过南靖丰田收费所约5公里）正在养护施工，占用主车道，该路段目前单车道通行，请途经车辆谨慎驾驶，提前减速。,0,,,,,,,,
150011,K1844,K1836,洋里收费站-东桥收费站,8000.0,2016-08-06 20:18:13,14,2016-08-06 16:30:28,,,,,,2,福建高速公路,1470472228000,0,G3|京台高速,,,"118.943 ,26.3603",4,G3线京台高速福州段福州往建瓯方向K1844（距东桥收费站约3公里）——BK1836（过东桥收费站约4公里）处正在养护施工，占用超车道，该路段目前单车道通行，请途经车辆谨慎驾驶，提前减速。,0,,,,,,,,
150112,K2038+200,K2038+200,连江收费站-洋门枢纽,0.0,2016-08-08 06:19:19,14,2016-08-08 06:16:33,,,,,,2,福建高速公路,1470608193000,0,G15|沈海高速,,,"119.547 ,26.2581",4,G15线沈海高速罗长段福州往宁德方向K2038+200处（过连江收费站约4公里）正在养护施工，占用主车道，该路段目前单车道通行，请途经车辆谨慎驾驶，提前减速。,0,,,,,,,,
150116,K1839,K1835,东桥收费站-宁德古田收费站,4000.0,2016-08-08 07:49:21,14,2016-08-08 07:50:06,,,,,,2,福建高速公路,1470613806000,0,G3|京台高速,,,"118.873 ,26.4063",4,G3线京台高速福州段福州往宁德方向K1839—K1835（过闽清东桥收费站约1公里）正在养护施工，占用超车道，该路段目前单车道通行，请途经车辆谨慎驾驶，提前减速。,0,,,,,,,,
150155,K52,K52,安溪龙门收费站-官桥分叉,0.0,2016-08-08 14:53:56,14,2016-08-08 14:52:35,,,,,,2,福建高速公路,1470639155000,0,S30厦沙高速泉州段厦门往安溪方向K52处（厦门往龙桥服务区方向匝道，过安溪龙门收费站约7公里），发生交通事故，事故占用右边车道及部分左边车道，目前道路通行缓慢，请途经车辆注意绕行。。|,,,"118.065 ,25.0071",4,S30厦沙高速泉州段厦门往安溪方向K52处（厦门往龙桥服务区方向匝道，过安溪龙门收费站约7公里），发生交通事故，事故占用右边车道及部分左边车道，目前道路通行缓慢，请途经车辆注意绕行。。,0,,,,,,,,
150187,K51,K59,永泰西收费站-永泰梧桐收费站,8000.0,2016-08-09 07:01:58,14,2016-08-09 07:04:51,,,,,,2,福建高速公路,1470697491000,0,S35|S35线沈海复线,,,"118.851 ,25.7739",4,S35线沈海复线福永段福州往仙游方向K51（过永泰西收费所约10公里）—K59（距梧桐收费所约0.5公里）正在养护施工，占用应急车道，请途经车辆谨慎驾驶，提前减速。,0,,,,,,,,
150193,K30,K30,永泰葛岭收费站-永泰东收费站,0.0,2016-08-09 07:22:36,14,2016-08-09 07:24:31,,,,,,2,福建高速公路,1470698671000,0,S35|福诏高速,,,"119.012 ,25.8656",4,S35线福诏高速漳州段漳州往诏安方向K30处（宝丰隧道，过三平收费所约2公里）正在养护施工，占用主车道，该路段目前单车道通行，请途经车辆谨慎驾驶，提前减速。,0,,,,,,,,
150218,K299+300,K300,高陂收费站-上北枢纽,700.0,2016-08-09 10:18:44,14,2016-08-09 10:20:45,,,,,,2,福建高速公路,1470709245000,0,S12|莆永高速,,,"116.89 ,24.9299",4,"S12线莆永高速永定段龙岩往永定方向K299+300-K300处（距坎市服务区约1公里）正在养护施工，占用超车道，该路段目前单车道通行，请途经车辆谨慎驾驶,提前减速。",0,,,,,,,,
150253,K2325+430,K2325+430,福井分叉-海沧枢纽,0.0,2016-08-09 17:04:10,14,2016-08-09 17:03:04,,,,,,2,福建高速公路,1470733384000,0,G15|沈海高速,,,"117.901 ,24.5455",4,G15线沈海高速厦漳漳州段漳州往厦门方向K2325+430处（过漳州收费所约13公里）正在养护施工，占用第三车道及紧急停车带，请途经车辆谨慎驾驶，提前减速。,0,,,,,,,,
150315,K301+300,K302+500,高陂收费站-上北枢纽,1200.0,2016-08-11 17:31:26,14,2016-08-10 11:13:53,,,,,,2,福建高速公路,1470798833000,0,S12|莆永高速,,,"116.883 ,24.9134",4,S12线莆永高速永定段龙岩往永定方向K301+300—K302+500处（过坎市服务区约1公里）正在进行养护施工，占用超车道，该路段目前单车道通行，请途经车辆谨慎驾驶，提前减速。,0,,,,,,,,
150382,K30,K30,永泰东收费站-永泰葛岭收费站,0.0,2016-08-11 17:31:27,14,2016-08-11 09:17:05,,,,,,2,福建高速公路,1470878225000,0,S35|福诏高速,,,"119.012 ,25.8654",4,S35线福诏高速漳州段诏安往漳州方向K30处（宝丰隧道，距三平收费所约2公里）正在养护施工，占用主车道，该路段目前单车道通行，请途经车辆谨慎驾驶，提前减速。,0,,,,,,,,
150398,K248+600,K255+500,泰宁收费站-寨下收费站,6900.0,2016-08-11 17:31:27,14,2016-08-11 10:30:56,,,,,,2,福建高速公路,1470882656000,0,S0311|浦建高速,,,"117.114 ,26.938",4,S0311线浦建高速泰宁段泰宁往建宁方向K248+600-K255+500（泰宁隧道内，距寨下收费站约9公里）正在养护施工，占用超车道，该路段目前单车道通行，请途经车辆谨慎驾驶，提前减速。,0,,,,,,,,
150410,K67,K67,天宝枢纽-南靖丰田收费站,0.0,2016-08-11 17:31:27,14,2016-08-11 11:37:03,,,,,,2,福建高速公路,1470886623000,0,G76|厦蓉高速,,,"117.504 ,24.6397",4,G76线厦蓉高速漳州段漳州往龙岩方向K67处(风霜岭隧道，距南靖丰田收费所约5公里)正在养护施工，占用主车道，该路段目前单车道通行，请途经车辆谨慎驾驶，提前减速。,0,,,,,,,,
150427,K32,K31+500,永泰东收费站-永泰葛岭收费站,500.0,2016-08-11 17:31:29,14,2016-08-11 14:45:48,,,,,,2,福建高速公路,1470897948000,0,S35|S35线沈海复线,,,"118.995 ,25.857",4,S35线沈海复线福永段梧桐往福州方向K32—K31+500处（过永泰东收费所约0.5公里、永泰东互通）正在养护施工，占用应急车道，该路段目前单车道通行，请途经车辆谨慎驾驶，提前减速。,0,,,,,,,,
150435,K103+800,K103+650,王大厝枢纽-周宁收费站,150.0,2016-08-11 17:31:28,14,2016-08-11 15:20:21,,,,,,2,福建高速公路,1470900021000,0,G1514|宁上高速,,,"119.05 ,27.1583",4,G1514线宁上高速政和段政和往屏南方向K103+800-K103+650处（过杨源收费站约5公里），正在养护施工，占用超车道，该路段目前单车道通行，请途经车辆谨慎驾驶，提前减速。,0,,,,,,,,
150445,K1945+600,K1945+150,湾坞枢纽-盐田收费站,450.0,2016-08-11 17:31:26,14,2016-08-11 17:01:13,,,,,,2,福建高速公路,1470906073000,0,G15|沈海高速,,,"119.798 ,26.8415",4,G15线沈海高速宁德段宁德往福鼎方向K1945+600至K1945+150处（过福安服务区约1公里）正在养护施工，占用主车道，该路段目前单车道通行，请途经车辆谨慎驾驶，提前减速。,0,,,,,,,,
150447,K1791+142,K1791+142,迪口收费站-小桥收费站,0.0,2016-08-11 17:57:54,14,2016-08-11 17:55:06,,,,,,2,福建高速公路,1470909306000,0,G3|京台高速,,,"118.417 ,26.8174",4,G3线京台高速建瓯段福州往建瓯方向K1791+142处（过古田凤都约6公里，黄坑隧道内），正在养护施工，占用主车道，该路段目前单车道通行，请途经车辆谨慎驾驶，提前减速。,0,,,,,,,,
150451,K83+800,K83+800,华安收费站-漳平南收费站,0.0,2016-08-11 18:42:11,14,2016-08-11 18:40:43,,,,,,2,福建高速公路,1470912043000,0,S7211|永漳高速,,,"117.502 ,25.1324",4,S7211线永漳高速漳州段漳州往永安方向K83+800至83+700处（过华安收费所约15公里）在养护施工，占用紧急停车道，请途经车辆谨慎驾驶，提前减速。,0,,,,,,,,
150453,K1712+450,K1712+650,徐墩收费站-建瓯枢纽,200.0,2016-08-11 18:53:45,14,2016-08-11 18:58:42,,,,,,2,福建高速公路,1470913122000,0,G3|京台高速,,,"118.248 ,27.1403",4,G3线京台高速建瓯段建瓯往南平方向K1712+450-K1712+650处（过徐墩收费站约7公里），正在养护施工，占用主车道，该路段目前单车道通行，请途经车辆谨慎驾驶，提前减速。,0,,,,,,,,
150501,K117+800,K117+800,洛江北收费站-仙游龙华收费站,0.0,2016-08-12 07:44:10,14,2016-08-12 07:49:02,,,,,,2,福建高速公路,1470959342000,0,S35|S35线沈海复线,,,"118.597 ,25.2398",4,S35线沈海复线泉州段泉州往莆田方向122+600—K117+800处(白石格隧道内、过洛江北收费站约7公里)，正在养护施工，占用主、超车道，该路段目前单车道通行，请途经车辆谨慎驾驶。,0,,,,,,,,
150506,K2347+930,K2347+930,海澄分叉-紫泥收费站,0.0,2016-08-12 08:14:46,14,2016-08-12 08:13:34,,,,,,2,福建高速公路,1470960814000,0,G15E|,,,"117.853 ,24.3834",4,G15E线沈海高速东并行线广东往厦门方向K2347+930处(距紫泥收费所约11公里)正在养护施工，占用第三车道和紧急停车带，请途经车辆谨慎驾驶，提前减速。,0,,,,,,,,
150510,K2292+200,K2292+400,同安收费站-翔安收费站,200.0,2016-08-12 08:51:40,14,2016-08-12 08:50:34,,,,,,2,福建高速公路,1470963034000,0,G15|沈海高速,,,"118.183 ,24.6866",4,G15线沈海高速泉厦厦门段厦门往泉州方向K2292+200--K2292+400处（过同安收费站约4公里）正在养护施工，布控第四、应急车道，目前道路可正常通行，请途经车辆谨慎驾驶，提前减速。,0,,,,,,,,
150511,K62+300,K61+900,南靖丰田收费站-天宝枢纽,400.0,2016-08-12 09:04:55,14,2016-08-12 09:10:16,,,,,,2,福建高速公路,1470964216000,0,G76|厦蓉高速,,,"117.548 ,24.627",4,G76线厦蓉高速漳州段龙岩往漳州方向K62+300至K61+900处（过南靖丰田收费所约10公里）正在养护施工，占用超车道，该路段目前单车道通行，请途经车辆谨慎驾驶，提前减速。,0,,,,,,,,
150518,K4,6,祥谦收费站-联丰分叉,2000.0,2016-08-12 10:33:18,14,2016-08-12 10:15:41,,,,,,2,福建高速公路,1470968141000,0,S7021|,,,"119.325 ,25.8956",4,S7021线福州南连接线福州往泉州方向K4-6K（过详谦收费所约4公里）正在养护施工，占用应急车道，请途经车辆谨慎驾驶，提前减速。,0,,,,,,,,
150521,K1661+500,K1662+900,五夫收费站-兴田枢纽,1400.0,2016-08-12 12:11:14,14,2016-08-12 12:16:54,,,,,,2,福建高速公路,1470975414000,0,G3|京台高速,,,"118.088 ,27.4993",4,G3线京台高速武夷山段武夷山往南平方向K1661+500-K1662+900处（过南台服务区约6公里），正在养护施工，A道封闭B道双向通行，该路段目前并道双向通行，道路通行比较缓慢，请途经车辆谨慎驾驶，提前减速。,0,,,,,,,,
150608,K3142,K3142,朋口收费站-北村枢纽,0.0,2016-08-13 08:38:10,14,2016-08-13 08:36:35,,,,,,2,福建高速公路,1471048595000,0,G25|长深高速,,,"116.693 ,25.505",4,G25线长深高速连城段三明往梅州方向K3142处（过朋口收费站约4公里）正在养护施工，占用主车道，该路段目前单车道通行，请途经车辆谨慎驾驶，提前减速。,0,,,,,,,,
150647,K36+400,K36+400,白龙枢纽-闽侯收费站,0.0,2016-08-13 13:47:33,14,2016-08-18 07:29:38,,,,,,2,福建高速公路,1471476578000,0,G70|福银高速,,,"119.145 ,26.1051",4,G70线福银高速福州段福州往南平、三明方向K36+400（距闽侯收费所约4公里）正在养护施工，占用主车道和应急车道，该路段目前单车道通行，请途经车辆谨慎驾驶，提前减速。,0,,,,,,,,
150674,K1795+515,K1795+515,凤都收费站-迪口收费站,0.0,2016-08-14 15:39:44,14,2016-08-16 15:09:48,,,,,,2,福建高速公路,1471331388000,0,G3|京台高速,,,"118.616 ,26.6179",4,G3线京台高速宁德古田段福州往古田方向K1794+395M-K1794+525M、K1795+205M-K1795+515M处(过凤都互通约3公里处)正在养护施工，占用主车道，该路段目前单车道通行，请途经车辆谨慎驾驶，提前减速。,0,,,,,,,,
150746,K124,K125,和溪收费站-适中收费站,1000.0,2016-08-14 12:16:37,14,2016-08-24 08:47:52,,,,,,2,福建高速公路,1471999672000,0,由于处理G76|厦蓉高速,,,"117.117 ,24.946",4,由于处理G76线厦蓉高速漳龙段AK124发生的边坡溜方，K122-K125实行并道，A道封闭，B道双向通行，预计9月30日解除。请途经车辆谨慎驾驶，提前减速。,0,,,,,,,,
150751,K227+370,K227+370,翔安收费站-西锦枢纽,0.0,2016-08-14 12:17:20,14,2016-08-14 08:24:36,,,,,,2,福建高速公路,1471134276000,0,G15|沈海高速,,,"118.368 ,24.6952",4,G15线沈海高速泉厦泉州段厦门往泉州方向K227+370处（距水头收费站约12公里）正在养护施工，占用应急车道，请途经车辆谨慎驾驶，提前减速。,0,,,,,,,,
150779,K164,K164,安溪枢纽-亭川枢纽,0.0,2016-08-14 15:20:39,14,2016-08-14 15:27:10,,,,,,2,福建高速公路,1471159630000,0,S35|S35线沈海复线,,,"118.282 ,25.0668",4,S35线沈海复线泉州段厦门往莆田方向K164—158处(石鼓山隧道内，过安溪东收费站约3公里)，正在养护施工，占用慢车道，该路段目前主、超车道可正常通行，请途经车辆谨慎驾驶。,0,,,,,,,,
150887,K100,K100,永春湖洋收费站-永春东收费站,0.0,2016-08-16 07:48:17,14,2016-08-16 07:48:24,,,,,,2,福建高速公路,1471304904000,0,S12|莆永高速,,,"118.37 ,25.3488",4,S12线莆永高速泉州段莆田往龙岩方向K100处(岭庵山隧道内，过湖洋收费站约6公里)，正在养护施工，占用主车道，该路段目前单车道通行，请途经车辆谨慎驾驶。,0,,,,,,,,
150931,K2039,K2039,洋门枢纽-连江收费站,0.0,2016-08-16 14:26:46,14,2016-08-16 14:27:03,,,,,,2,福建高速公路,1471328823000,0,G15|沈海高速,,,"119.548 ,26.252",4,G15线沈海高速罗长段K2039(连江服务区内)因水管故障导致停水。现积极抢修中，恢复供水时间等待通知。,0,,,,,,,,
151003,k43.098,k72.842,白云山收费站-周宁收费站,-1.0,2016-08-17 17:08:18,http://appserver.fjgsgl.cn/NewFJGSWechatAPIServer/index.php/userautoserver/showtrafficinfo?tab=1,2016-08-17 17:06:25,,,,,,1,福建高速公路,1471424785000,0,G1514|宁上高速,,,"119.419 ,27.0319",4,G1514线宁上高速宁德段福安往周宁方向61K处（际溪隧道内，距周宁收费站约11公里），发生交通事故，占用主车道，该路段目前单车道通行，请途经车辆谨慎驾驶，提前减速。,0,,,,,,,,
151012,K27+350,K27+350,云埔枢纽-安溪龙门收费站,0.0,2016-08-17 21:55:29,14,2016-08-17 21:54:13,,,,,,2,福建高速公路,1471442053000,0,、S30厦沙高速厦门段厦门往安溪方向K27+350处（过凤南收费站约14公里）正在养护施工，占用第二、应急车道，请途经车辆谨慎驾驶，提前减速。|,,,"118.074 ,24.8072",4,、S30厦沙高速厦门段厦门往安溪方向K27+350处（过凤南收费站约14公里）正在养护施工，占用第二、应急车道，请途经车辆谨慎驾驶，提前减速。,0,,,,,,,,
151021,K2255,K2256,晋江收费站-内坑枢纽,1000.0,2016-08-18 07:12:12,14,2016-08-18 07:13:06,,,,,,2,福建高速公路,1471475586000,0,G15|沈海高速,,,"118.496 ,24.7946",4,G15线沈海高速泉厦泉州段泉州往厦门方向K2255-K2256处（过晋江收费站约4公里）正在养护施工，占用第三、四车道，请途经车辆谨慎驾驶，提前减速。,0,,,,,,,,
151024,K41,K35,永泰梧桐收费站-永泰西收费站,6000.0,2016-08-18 07:34:44,14,2016-08-18 07:33:03,,,,,,2,福建高速公路,1471476783000,0,S35|S35线沈海复线,,,"118.916 ,25.8403",4,S35线沈海复线福永段仙游往福州方向K41（距永泰西收费所约1公里）—K35（距永泰东收费所约4公里）正在养护施工，占用应急车道，请途经车辆谨慎驾驶，提前减速。,0,,,,,,,,
151030,K209,K209,和平枢纽-溪南收费站,0.0,2016-08-18 07:48:13,14,2016-08-18 07:47:02,,,,,,2,福建高速公路,1471477622000,0,S12|莆永高速,,,"117.498 ,25.3418",4,S12线莆永高速漳平段永定往永春方向K209处（仁阁隧道内，过漳平收费站约10公里）正在养护施工，占用主车道，该路段目前单车道通行，请途经车辆谨慎驾驶，提前减速。,0,,,,,,,,
151035,K1889,K1889,柏洋收费站-牙城收费站,0.0,2016-08-18 08:15:58,14,2016-08-18 11:00:14,,,,,,2,福建高速公路,1471489214000,0,G15|沈海高速,,,"120.239 ,27.0571",4,G15线沈海高速福鼎段K1889公里处（柏洋收费站），正在养护施工，现实行交通管制：柏洋收费站入口禁止上高速。柏洋收费站上高速车辆改由太姥山收费站上高速，请途经车辆注意绕行。,0,,,,,,,,
151043,K2019,2021+200,丹阳收费站-水古收费站,2200.0,2016-08-18 08:25:43,14,2016-08-18 08:50:12,,,,,,2,福建高速公路,1471481412000,0,G15|沈海高速,,,"119.493 ,26.4129",4,G15线沈海高速罗长段福州往宁德方向K2019-2021+200处（过丹阳收费站约5公里）正在养护施工，占用超车道，该路段目前单车道通行，请途经车辆谨慎驾驶，提前减速。,0,,,,,,,,
151052,K181+867,K181+867,跃村枢纽-青州收费站,0.0,2016-08-18 09:02:29,14,2016-08-18 09:02:16,,,,,,2,福建高速公路,1471482136000,0,G70|福银高速,,,"118.103 ,26.5186",4,G70线福银高速延平段福州往南平方向K181+867处（过塔前服务区约11公里，跃村隧道内），正在养护施工，占用主车道，该路段目前单车道通行，请途经车辆谨慎驾驶，提前减速。,0,,,,,,,,
151088,K75,K74+800,金山收费站-南靖丰田收费站,200.0,2016-08-18 14:34:54,14,2016-08-18 14:37:21,,,,,,2,福建高速公路,1471502241000,0,G76|厦蓉高速,,,"117.439 ,24.6724",4,G76线厦蓉高速漳州段龙岩往漳州方向K75至K74+800处（距南靖丰田收费所约3公里）正在养护施工，占用紧急停车带，请途经车辆谨慎驾驶，提前减速。,0,,,,,,,,
151098,K2333,K2333,漳州枢纽-福井分叉,0.0,2016-08-18 17:20:10,http://appserver.fjgsgl.cn/NewFJGSWechatAPIServer/index.php/userautoserver/showtrafficinfo?tab=1,2016-08-18 17:21:48,,,,,,1,福建高速公路,1471512108000,0,G15|沈海高速,,,"117.834 ,24.5152",4,G15线沈海高速厦漳漳州段漳州往厦门方向K2333处（过漳州收费所约5公里）发生交通事故，占用超车道及紧急停车带，该路段目前单车道通行，请途经车辆谨慎驾驶，提前减速。,0,,,,,,,,
151100,K2237,K2237,池店收费站-泉州收费站,0.0,2016-08-18 17:23:59,14,2016-08-18 17:25:33,,,,,,2,福建高速公路,1471512333000,0,G15|沈海高速,,,"118.624 ,24.9",4,G15线沈海高速泉厦泉州段厦门往福州方向K2237处（距泉州收费站约6公里，大坪山隧道货车车道）正在养护施工，布控货车车道，目前道路可正常通行，请途经车辆谨慎驾驶，提前减速。,0,,,,,,,,
151104,K23,K23,长泰天柱山收费站-海沧枢纽,0.0,2016-08-18 18:31:19,http://appserver.fjgsgl.cn/NewFJGSWechatAPIServer/index.php/userautoserver/showtrafficinfo?tab=1,2016-08-18 18:32:49,,,,,,1,福建高速公路,1471516369000,0,G76|厦蓉高速,,,"117.873 ,24.5905",4,G76线厦蓉高速漳州段龙岩往厦门方向K23处（天成山隧道，过天柱山收费所约5公里）发生交通事故，占用第一车道，道路通行比较缓慢，请途经车辆谨慎驾驶，提前减速。,0,,,,,,,,
151152,K295,K295,高陂收费站-上北枢纽,0.0,2016-08-19 09:49:20,14,2016-08-19 09:51:11,,,,,,2,福建高速公路,1471571471000,0,S12|莆永高速,,,"116.897 ,24.9678",4,S12线莆永高速永定段龙岩往永定方向K295处（高陂隧道内，过高陂所约4公里）正在进行养护施工，占用主车道，该路段目前单车道通行，请途经车辆谨慎驾驶，提前减速。,0,,,,,,,,
151153,K37,K37,长泰收费站-陈巷枢纽,0.0,2016-08-19 10:04:24,http://appserver.fjgsgl.cn/NewFJGSWechatAPIServer/index.php/userautoserver/showtrafficinfo?tab=1,2016-08-19 10:06:23,,,,,,1,福建高速公路,1471572383000,0,G76|厦蓉高速,,,"117.779 ,24.665",4,G76线厦蓉高速漳州段龙岩往厦门方向K37处（过长泰收费所约1公里）发生交通事故，占用第一车道，请途经车辆谨慎驾驶，提前减速。,0,,,,,,,,
151183,K199+000,K201+000,邵武水北收费站-光泽收费站,2000.0,2016-08-19 17:05:34,14,2016-08-19 17:04:03,,,,,,2,福建高速公路,1471597443000,0,S10|宁光高速,,,"117.388 ,27.5354",4,S10线宁光高速光泽段邵武往光泽方向K199+000—K201+000处（距光泽收费站约500米），正在养护施工，占用超车道，该路段目前单车道通行，请途经车辆谨慎驾驶，提前减速。,0,,,,,,,,
151186,K1662+900,K1662+900,兴田枢纽-五夫收费站,0.0,2016-08-19 17:04:00,14,2016-08-19 17:02:26,,,,,,2,福建高速公路,1471597346000,0,G3|京台高速,,,"118.076 ,27.4917",4,G3线京台高速武夷山段武夷山往浦城方向K1662+900处（距南台服务区约7公里），正在养护施工，占用主车道，该路段目前单车道通行，请途经车辆谨慎驾驶，提前减速。,0,,,,,,,,
151231,K2385,K2385,赵家堡收费站-漳浦收费站,0.0,2016-08-20 08:13:13,14,2016-08-20 08:15:33,,,,,,2,福建高速公路,1471652133000,0,G15|沈海高速,,,"117.801 ,24.1515",4,G15线沈海高速漳诏段漳州往广东方向K2385（鼓志山隧道内，过赵家堡收费约7公里）正在养护施工，占用主车道，该路段目前单车道通，请途经车辆谨慎驾驶，提前减速。,0,,,,,,,,
151244,K134+900,135,梅山收费站-乐峰收费站,100.0,2016-08-20 15:11:03,14,2016-08-20 15:09:35,,,,,,2,福建高速公路,1471676975000,0,S35|S35线沈海复线,,,"118.51 ,25.176",4,S35线沈海复线泉州段厦门往莆田方向K134+900-135处(距南安乐峰收费站约3公里），正在养护施工，占用紧急停车道，该路段目前主车道、超车道可正常通行，请途经车辆谨慎驾驶。,0,,,,,,,,
151245,K121,K121,华安土楼收费站-华安沙建收费站,0.0,2016-08-20 09:17:20,14,2016-08-20 09:16:09,,,,,,2,福建高速公路,1471655769000,0,S7211|永漳高速,,,"117.58 ,24.8348",4,S7211线永漳高速漳州段永安往漳州方向K121处（梨尾寨隧道，过华安土楼收费所约10公里）正在养护施工，占用主车道，该路段目前单车道通行，请途经车辆谨慎驾驶，提前减速。,0,,,,,,,,
151266,K61,K62,五星枢纽-永泰梧桐收费站,1000.0,2016-08-20 12:54:21,14,2016-08-20 12:53:05,,,,,,2,福建高速公路,1471668785000,0,S35|福诏高速,,,"118.761 ,25.7237",4,S35线福诏高速漳州段广东往漳州方向K61至K62处（乾岭隧道，距平和收费所约18公里）正在养护施工，占用超车道，该路段目前单车道通行，请途经车辆谨慎驾驶，提前减速。,0,,,,,,,,
151272,K2341+000,K2040+720,海澄分叉-紫泥收费站,300280.0,2016-08-20 14:32:01,14,2016-08-20 14:30:29,,,,,,2,福建高速公路,1471674629000,0,G15E|,,,"117.842 ,24.4368",4,G15E线沈海高速东并行线广东往厦门方向K2341+000至K2040+720处(距紫泥收费所约5公里)正在养护施工，占用第二、三车道，该路段目前单车道通行，请途经车辆谨慎驾驶，提前减速。,0,,,,,,,,
151333,K2272,K2272,西锦枢纽-翔安收费站,0.0,2016-08-21 07:34:44,14,2016-08-21 07:38:26,,,,,,2,福建高速公路,1471736306000,0,G15|沈海高速,,,"118.368 ,24.6992",4,G15线沈海高速泉厦泉州段福州往厦门方向K2272处（过水头收费站约6公里）正在养护施工，布控第一车道，目前道路可正常通行，请途经车辆谨慎驾驶，提前减速。,0,,,,,,,,
151337,K6+282,K6+282,上杭白砂收费站-古石枢纽,0.0,2016-08-21 07:47:37,14,2016-08-21 07:46:04,,,,,,2,福建高速公路,1471736764000,0,S2513|上蛟高速,,,"116.48 ,25.1067",4,"S2513线上蛟高速龙岩往上杭方向K6+282（白玉隧道，过白砂收费站12公里)正在维修设备施工，占用超车道，该路段目前单车道通行，请途经车辆谨慎驾驶,提前减速。",0,,,,,,,,
151373,K99,K99,汤城枢纽-下洋收费站,0.0,2016-08-21 14:39:01,14,2016-08-21 14:42:27,,,,,,2,福建高速公路,1471761747000,0,G72|泉南高速,,,"118.069 ,25.4805",4,G72线泉南高速泉州段泉州往三明方向K99处（桂洋隧道内、距下洋收费站约8公里)，正在养护施工，占用超车道，该路段目单车道通行，请途经车辆谨慎驾驶。,0,,,,,,,,
151409,K100,K100,永春湖洋收费站-永春东收费站,0.0,2016-08-22 07:56:03,14,2016-08-22 07:55:42,,,,,,2,福建高速公路,1471823742000,0,S12|莆永高速,,,"118.37 ,25.3488",4,S12线莆永高速泉州段莆田往龙岩方向K100处(岭庵山隧道内，过永春湖洋收费站约6公里)，正在养护施工，占用超车道，该路段目前单车道通行，请途经车辆谨慎驾驶。,0,,,,,,,,
151410,K63,K65,永泰梧桐收费站-五星枢纽,2000.0,2016-08-22 07:57:58,14,2016-08-22 07:56:29,,,,,,2,福建高速公路,1471823789000,0,S35|福诏高速,,,"118.754 ,25.7181",4,S35线福诏高速漳州段漳州往广东方向K63至K65处（国强隧道内，距灵通山收费所约16公里）正在养护施工，占用主车道，该路段目前单车道通行，请途经车辆谨慎驾驶，提前减速。,0,,,,,,,,
151461,K184+500,K184+500,溪南收费站-安溪福田收费站,0.0,2016-08-22 15:13:14,14,2016-08-22 15:13:28,,,,,,2,福建高速公路,1471850008000,0,S12|莆永高速,,,"117.643 ,25.2833",4,S12线莆永高速泉州段龙岩往莆田方向K184+500处(距福田收费站约3公里)，正在养护施工，占用超车道，该路段目前单车道通行，请途经车辆谨慎驾驶。,0,,,,,,,,
151494,K59,K33,永泰梧桐收费站-永泰西收费站,26000.0,2016-08-23 07:36:20,14,2016-08-23 07:34:31,,,,,,2,福建高速公路,1471908871000,0,S35|S35线沈海复线,,,"118.788 ,25.7344",4,S35线沈海复线福永段仙游往福州方向K59（过梧桐收费所约0.5公里）—BK33（距永泰东收费所约2公里）正在养护施工，占用紧急停车带，请途经车辆谨慎驾驶，提前减速。,0,,,,,,,,
151499,K11+700,K11+700,永泰葛岭收费站-旗山收费站,0.0,2016-08-23 07:40:58,14,2016-08-23 07:38:49,,,,,,2,福建高速公路,1471909129000,0,S35|S35线沈海复线,,,"119.168 ,25.9112",4,S35线沈海复线福永段仙游往福州方向K11+700（过旗山收费所约5公里）正在养护施工，占用紧急停车带，请途经车辆谨慎驾驶，提前减速。,0,,,,,,,,
151502,K63,K60,五星枢纽-永泰梧桐收费站,3000.0,2016-08-23 07:42:48,14,2016-08-23 07:40:45,,,,,,2,福建高速公路,1471909245000,0,S35|S35线沈海复线,,,"118.754 ,25.7179",4,S35线沈海复线福永段仙游往福州方向K63—K60（距梧桐收费所约1公里）正在养护施工，占用紧急停车带，请途经车辆谨慎驾驶，提前减速。,0,,,,,,,,
151504,K1843+200,K1843+200,东桥收费站-宁德古田收费站,0.0,2016-08-23 07:45:34,14,2016-08-23 07:44:09,,,,,,2,福建高速公路,1471909449000,0,G3|京台高速,,,"118.935 ,26.3666",4,G3线京台高速福州段福州往建瓯方向K1843+200处（过闽侯洋里收费站约2公里）正在养护施工，占用超车道，该路段目前单车道通行，请途经车辆谨慎驾驶，提前减速。,0,,,,,,,,
151505,K207+400,K207+300,肖家坊枢纽-和平收费站,100.0,2016-08-23 08:49:02,14,2016-08-23 08:49:16,,,,,,2,福建高速公路,1471913356000,0,S0311|浦建高速,,,"117.302 ,27.1283",4,S0311线浦建高速邵武段和平往邵武方向K207+400-K207+300处（距和平收费站约1公里），正在养护施工，占用主车道，该路段目前单车道通行，道路通行比较缓慢，请途经车辆谨慎驾驶，提前减速。,0,,,,,,,,
151506,K18,K18,草埔园枢纽-洛江收费站,0.0,2016-08-23 07:42:48,14,2016-08-23 07:41:02,,,,,,2,福建高速公路,1471909262000,0,G1502|泉州环城高速,,,"118.641 ,24.9849",4,G1502线泉州环城高速惠安往南安方向K18（前埭隧道内，距洛江收费站约2公里），正在养护施工，占用超车道，该路段目前主、慢车道可正常通行，请途经车辆谨慎驾驶。,0,,,,,,,,
151517,K295,K295,高陂收费站-上北枢纽,0.0,2016-08-23 09:54:40,14,2016-08-23 09:53:36,,,,,,2,福建高速公路,1471917216000,0,S12|莆永高速,,,"116.895 ,24.9656",4,S12线莆永高速永定段龙岩往永定方向K295处（高陂隧道内，过高陂收费站约4公里）正在进行养护施工，占用主车道，该路段目前单车道通行，请途经车辆谨慎驾驶，提前减速。,0,,,,,,,,
151542,K76+700,K76+900,南靖丰田收费站-金山收费站,200.0,2016-08-23 13:39:07,14,2016-08-23 13:40:11,,,,,,2,福建高速公路,1471930811000,0,G76|厦蓉高速,,,"117.429 ,24.6842",4,G76线厦蓉高速漳州段漳州往龙岩方向K76+700至K76+900处（过南靖丰田收费所约4公里）正在养护施工，占用超车道，该路段目前单车道通行，请途经车辆谨慎驾驶，提前减速。,0,,,,,,,,
151580,K1974,K1974,宁德北收费站-下白石收费站,0.0,2016-08-24 05:57:11,http://appserver.fjgsgl.cn/NewFJGSWechatAPIServer/index.php/userautoserver/showtrafficinfo?tab=1,2016-08-24 11:20:36,,,,,,1,福建高速公路,1472008836000,0,G15|沈海高速,,,"119.58 ,26.7303",4,G15线沈海高速宁德段宁德往福鼎方向K1974处（距宁德北收费站约0.7公里），发生交通事故，占用主车道，该路段目前单车道通行，请途经车辆谨慎驾驶，提前减速。,0,,,,,,,,
151587,K20,K0,永泰葛岭收费站-旗山收费站,20000.0,2016-08-24 07:07:50,14,2016-08-24 07:08:57,,,,,,2,福建高速公路,1471993737000,0,S35|S35线沈海复线,,,"119.093 ,25.8975",4,S35线沈海复线福永段永泰往福州方向K20（过葛岭收费所约1公里）—K0处（距福州南收费所约0.1公里）正在养护施工，已在紧急停车带布控，请途经车辆谨慎驾驶，提前减速。,0,,,,,,,,
151593,K1845,K1845,东桥收费站-洋里收费站,0.0,2016-08-24 07:25:21,14,2016-08-24 07:26:42,,,,,,2,福建高速公路,1471994802000,0,G3|京台高速,,,"118.951 ,26.3551",4,G3线京台高速福州段建瓯往福州方向K1845处（距闽侯洋里收费站约500米，洋里互通匝道）正在养护施工，已在紧急停车带布控，请途经车辆谨慎驾驶，提前减速。,0,,,,,,,,
151598,K36+400,K36+400,白龙枢纽-闽侯收费站,0.0,2016-08-24 07:39:57,14,2016-08-24 07:41:12,,,,,,2,福建高速公路,1471995672000,0,G70|福银高速,,,"119.148 ,26.1028",4,G70线福银高速福州段福州往三明、南平方向K36+400（距闽侯收费所约3公里）正在养护施工，已在紧急停车带布控，请途经车辆谨慎驾驶，提前减速。,0,,,,,,,,
151605,K67,K67,天宝枢纽-南靖丰田收费站,0.0,2016-08-24 08:17:03,14,2016-08-24 08:15:29,,,,,,2,福建高速公路,1471997729000,0,G76|厦蓉高速,,,"117.504 ,24.6397",4,G76线厦蓉高速漳州段漳州往龙岩方向K67处(风霜岭隧道，距南靖丰田收费所约5公里)正在养护施工，占用主车道，该路段目前单车道通行，请途经车辆谨慎驾驶，提前减速。,0,,,,,,,,
151629,K2365,K2367,枫林枢纽-赵家堡收费站,2000.0,2016-08-24 09:56:41,14,2016-08-24 09:58:09,,,,,,2,福建高速公路,1472003889000,0,G15|沈海高速,,,"117.849 ,24.2842",4,G15线沈海高速漳诏段漳州往广东方K2365至K2367处(过漳州港收费所约9公里)正在养护施工，占用主车道，该路段目前单车道通行，请途经车辆谨慎驾驶，提前减速。,0,,,,,,,,
151644,K2329,K2329+350,福井分叉-漳州枢纽,350.0,2016-08-24 12:15:56,14,2016-08-24 12:14:18,,,,,,2,福建高速公路,1472012058000,0,G15|沈海高速,,,"117.868 ,24.5356",4,G15线沈海高速厦漳漳州段厦门往漳州方向K2329至K2329+350 处（距漳州收费所约9公里）正在养护施工，占用紧急停车带，请途经车辆谨慎驾驶，提前减速。,0,,,,,,,,
151651,K65,K55,梅溪收费站-闽侯收费站,10000.0,2016-08-24 14:55:08,14,2016-08-24 14:52:58,,,,,,2,福建高速公路,1472021578000,0,G70|福银高速,,,"118.905 ,26.1973",4,G70线福银高速福州段三明、南平往福州方向K65（过梅溪收费所约2公里）—K55（距闽候收费所约15公里）正在养护施工，超车道与主车道轮流布控，该路段目前单车道通行，请途经车辆谨慎驾驶，提前减速。,0,,,,,,,,
151674,K29,K29,南安枢纽-南安北收费站,0.0,2016-08-24 23:39:14,14,2016-08-24 23:41:32,,,,,,2,福建高速公路,1472053292000,0,G72|泉南高速,,,"118.41 ,25.0233",4,G72线泉南高速泉州段泉州往三明方向K29处（过南安北收费站约500米），正在养护施工，占用紧急停车带、慢车道，该路段目前主车道、超车道可正常通行，请途经车辆谨慎驾驶。,0,,,,,,,,
151675,K0+500,K0+500,内坑枢纽-晋江南收费站,0.0,2016-08-24 23:42:13,14,2016-08-24 23:43:53,,,,,,2,福建高速公路,1472053433000,0,S1573|,,,"118.576 ,24.743",4,S1573线围头港支线晋江往石狮方向K0+500处（距晋江南收费站约7公里），正在车辆故障抢修布控，占用慢车道，该路段目前主超车道可正常通行，请途经车辆谨慎驾驶。,0,,,,,,,,
151683,K57+400,K57+400,永泰梧桐收费站-永泰西收费站,0.0,2016-08-25 06:29:12,14,2016-08-25 06:27:57,,,,,,2,福建高速公路,1472077677000,0,S35|S35线沈海复线,,,"118.8 ,25.7436",4,S35线沈海复线福永段莆田仙游往福州方向K57+400（过梧桐收费所约2公里）正在养护施工，占用慢车道，请途经车辆谨慎驾驶，提前减速。,0,,,,,,,,
151684,K275,K275,龙门枢纽-龙岩南收费站,0.0,2016-08-25 07:36:13,14,2016-08-25 07:34:25,,,,,,2,福建高速公路,1472081665000,0,S12|莆永高速,,,"116.957 ,25.0779",4,S12线莆永高速永定段龙岩往永定方向K275处（距龙岩南收费站约7公里）正在进行养护施工，占用主车道，该路段目前单车道通行，请途经车辆谨慎驾驶，提前减速。,0,,,,,,,,
151686,K2832+900,K2832+900,建瓯东游收费站-建瓯东峰收费站,0.0,2016-08-25 07:23:16,14,2016-08-25 07:25:48,,,,,,2,福建高速公路,1472081148000,0,G25|长深高速,,,"118.607 ,27.117",4,G25线长深高速建瓯段松溪往建瓯方向K2832+900处（距东峰收费站约10公里，箬溪隧道内）正在养护施工，占用主车道，该路段目前单车道通行，道路通行比较缓慢，请途经车辆谨慎驾驶，提前减速。,0,,,,,,,,
151689,K2816+152,K2816+152,建瓯东游收费站-建瓯川石收费站,0.0,2016-08-25 07:31:13,14,2016-08-25 07:29:28,,,,,,2,福建高速公路,1472081368000,0,G25|长深高速,,,"118.683 ,27.2327",4,G25线长深高速建瓯段建瓯往松溪方向K2816+152处（距川石收费站约1公里，杜布隧道内）正在养护施工，占用超车道，该路段目前单车道通行，道路通行比较缓慢，请途经车辆谨慎驾驶，提前减速。,0,,,,,,,,
151692,K299+840,K296+400,宁上闽赣交界-宁上闽赣收费站,3440.0,2016-08-25 07:39:12,14,2016-08-25 07:37:39,,,,,,2,福建高速公路,1472081859000,0,G1514|宁上高速,,,"117.836 ,27.9398",4,G1514线宁上高速武夷山段江西上饶往福建方向K299+840-K296+400处（距洋庄服务区约19公里，分水关隧道内）正在养护施工，占用主车道，该路段目前单车道通行，道路通行比较缓慢，请途经车辆谨慎驾驶，提前减速。,0,,,,,,,,
151693,K135+860,K135+860,政和收费站-杨源收费站,0.0,2016-08-25 07:40:11,14,2016-08-25 07:41:57,,,,,,2,福建高速公路,1472082117000,0,G1514|宁上高速,,,"118.846 ,27.3131",4,G1514线宁上高速政和段武夷山往宁德方向K135+860处（过政和收费站约7公里，地平隧道内）正在养护施工，占用主车道，该路段目前单车道通行，道路通行比较缓慢，请途经车辆谨慎驾驶，提前减速。,0,,,,,,,,
151694,K3168+500,K3168+500,北村枢纽-才溪收费站,0.0,2016-08-25 07:45:14,14,2016-08-25 07:43:19,,,,,,2,福建高速公路,1472082199000,0,G25|长深高速,,,"116.572 ,25.3305",4,"G25线长深高速上杭段连城往才溪方向K3168+500（南阳隧道出口，距才溪收费站16公里）正在养护施工，占用主车道,该路段目前单车道通行，请途经车辆谨慎驾驶，提前减速。",0,,,,,,,,
151695,K14,K14,洛江收费站-泉州北收费站,0.0,2016-08-25 07:49:14,14,2016-08-25 07:47:56,,,,,,2,福建高速公路,1472082476000,0,G1502|泉州环城高速,,,"118.598 ,24.7473",4,G1502线泉州环城高速惠安往南安方向K14处（朋山岭隧道内、过洛江收费站约1公里），正在养护施工，占用慢车道，该路段目前主车道、超车道通行，请途经车辆谨慎驾驶,0,,,,,,,,
151697,K82,K84,五星枢纽-仙游菜溪收费站,2000.0,2016-08-25 07:52:16,14,2016-08-25 07:54:24,,,,,,2,福建高速公路,1472082864000,0,S35|福诏高速,,,"118.713 ,25.5643",4,S35线福诏高速漳州段漳州往广东方向K82至K84处（大溪隧道，过灵通山收费所约3公里）正在养护施工，占用主车道，该路段目前单车道通行，请途经车辆谨慎驾驶，提前减速。,0,,,,,,,,
151698,K104,K104,汤城枢纽-下洋收费站,0.0,2016-08-25 07:55:15,14,2016-08-25 07:57:14,,,,,,2,福建高速公路,1472083034000,0,G72|泉南高速,,,"118.023 ,25.4871",4,G72线泉南高速泉州段泉州往三明方向K104处（下洋1#隧道内，距下洋收费站约3公里）正在养护施工，占用主车道，该路段目前单车道通行，请途经车辆谨慎驾驶。,0,,,,,,,,
151699,K206,K206,溪南收费站-和平枢纽,0.0,2016-08-25 08:03:13,14,2016-08-25 08:05:49,,,,,,2,福建高速公路,1472083549000,0,S12|莆永高速,,,"117.525 ,25.3502",4,S12线莆永高速漳平段永春往永定方向K206处（仁阁隧道内，距漳平收费站约13公里）正在养护施工，占用主车道，该路段目前单车道通行，请途经车辆谨慎驾驶，提前减速。,0,,,,,,,,
151702,K170+010,K170+010,回龙收费站-范屯枢纽,0.0,2016-08-25 09:51:15,14,2016-08-25 09:49:49,,,,,,2,福建高速公路,1472089789000,0,G1514|宁上高速,,,"118.548 ,27.4154",4,G1514线宁上高速政和段武夷山往宁德方向K170+010处（过回龙收费站约14公里，茶桐岭隧道内），正在养护施工，占用超车道，该路段目前单车道通行，道路通行比较缓慢，请途经车辆谨慎驾驶，提前减速。,0,,,,,,,,
151703,K2289+100,K2289+400,同安收费站-翔安收费站,300.0,2016-08-25 08:18:12,14,2016-08-25 08:16:47,,,,,,2,福建高速公路,1472084207000,0,G15|沈海高速,,,"118.213 ,24.6858",4,G15线沈海高速泉厦厦门段厦门往泉州方向K2289+100-K2289+400处（距翔安收费站约3公里）正在养护施工，占用第三、四、应急车道，请途经车辆谨慎驾驶，提前减速。,0,,,,,,,,
151704,K41,K43,梅溪收费站-闽侯收费站,2000.0,2016-08-25 08:28:12,14,2016-08-25 08:26:53,,,,,,2,福建高速公路,1472084813000,0,G70|福银高速,,,"119.111 ,26.1299",4,G70线福银高速福州段南平、三明往福州方向K41—K43（距闽侯收费所约3公里、竹岐隧道内）正在养护施工，占用主车道，该路段目前单车道通行，请途经车辆谨慎驾驶，提前减速。,0,,,,,,,,
151705,K67,K68,天宝枢纽-南靖丰田收费站,1000.0,2016-08-25 08:24:12,14,2016-08-25 08:22:23,,,,,,2,福建高速公路,1472084543000,0,G76|厦蓉高速,,,"117.504 ,24.6397",4,G76线厦蓉高速漳州段漳州往龙岩方向K67至K68处（风霜岭隧道内，距南靖丰田收费所约5公里）正在养护施工，占用主车道，该路段目前单车道通行，请途经车辆谨慎驾驶，提前减速。,0,,,,,,,,
151706,K72,K72,漳平南收费站-华安收费站,0.0,2016-08-25 08:27:11,14,2016-08-25 08:26:00,,,,,,2,福建高速公路,1472084760000,0,S7211|永漳高速,,,"117.521 ,25.2326",4,S7211线永漳高速漳平段永安往漳州方向K72处（大杞2、3号隧道内，过漳平南收费站约10公里）正在养护施工，占用主车道，该路段目前单车道通行，请途经车辆谨慎驾驶，提前减速。,0,,,,,,,,
151707,K2811,K2811,建瓯川石收费站-范屯枢纽,0.0,2016-08-25 09:52:12,14,2016-08-25 09:50:26,,,,,,2,福建高速公路,1472089826000,0,G25|长深高速,,,"118.697 ,27.2767",4,G25线长深高速建瓯段川石往松溪方向K2811处（过川石收费站约4公里，慈口隧道内），正在养护施工，占用超车道，该路段目前单车道通行，请途经车辆谨慎驾驶，提前减速。,0,,,,,,,,
151708,K22,K22,浦城南收费站-富岭收费站,0.0,2016-08-25 09:50:13,14,2016-08-25 09:48:52,,,,,,2,福建高速公路,1472089732000,0,S0311|浦建高速,,,"118.636 ,27.8815",4,S0311线浦建高速浦城段浦城南往浙江方向K22处（距富岭收费站约4公里，富岭隧道内），正在养护施工，占用主车道，该路段目前单车道通行，请途经车辆谨慎驾驶，提前减速。,0,,,,,,,,
151709,K2813+500,K2813+500,建瓯川石收费站-范屯枢纽,0.0,2016-08-25 09:49:16,14,2016-08-25 09:47:37,,,,,,2,福建高速公路,1472089657000,0,G25|长深高速,,,"118.688 ,27.256",4,G25线长深高速建瓯段东游往松溪方向K2813+500处（过川石收费站约2公里，川石隧道内），正在养护施工，占用超车道，该路段目前单车道通行，请途经车辆谨慎驾驶，提前减速。,0,,,,,,,,
151710,K76,K76,漳平南收费站-华安收费站,0.0,2016-08-25 08:37:14,14,2016-08-25 08:35:10,,,,,,2,福建高速公路,1472085310000,0,S7211|永漳高速,,,"117.529 ,25.196",4,S7211线永漳高速漳平段永安往漳州方向K76处（大杞1号隧道、小杞隧道内，过漳平南收费站约14公里）正在养护施工，占用主车道，该路段目前单车道通行，请途经车辆谨慎驾驶，提前减速。,0,,,,,,,,
151712,K123,K123,华安土楼收费站-华安沙建收费站,0.0,2016-08-25 08:40:13,14,2016-08-25 08:39:06,,,,,,2,福建高速公路,1472085546000,0,S7211|永漳高速,,,"117.587 ,24.8179",4,S7211线永漳高速漳州段永安往漳州方向K123处（中寨隧道，距沙建收费所约9公里）正在养护施工，占用主车道，该路段目前单车道通行，请途经车辆谨慎驾驶，提前减速。,0,,,,,,,,
151713,K77,K77,华安收费站-漳平南收费站,0.0,2016-08-25 09:43:14,14,2016-08-25 09:45:50,,,,,,2,福建高速公路,1472089550000,0,S7211|永漳高速,,,"117.527 ,25.1869",4,S7211线永漳高速漳平段漳州往永安方向K77处（小杞隧道、大杞1号隧道内，距漳平南收费站约15公里）正在养护施工，占用主车道，该路段目前单车道通行，请途经车辆谨慎驾驶，提前减速。,0,,,,,,,,
151714,K2274+300,K2273+500,翔安收费站-西锦枢纽,800.0,2016-08-25 08:47:12,14,2016-08-25 08:45:14,,,,,,2,福建高速公路,1472085914000,0,G15|沈海高速,,,"118.348 ,24.6933",4,G15线沈海高速泉厦泉州段厦门往福州方向K2274+300-K2273+500处（距水头林收费站约7公里）因养护施工，布控第一车道，请途经车辆谨慎驾驶，提前减速。,0,,,,,,,,
151715,K76,K76,华安收费站-漳平南收费站,0.0,2016-08-25 09:43:14,14,2016-08-25 09:41:28,,,,,,2,福建高速公路,1472089288000,0,S7211|永漳高速,,,"117.529 ,25.1961",4,S7211线永漳高速漳平段漳州往永安方向K76处（大杞2、3号隧道内，距漳平南收费站约14公里）正在养护施工，占用主车道，该路段目前单车道通行，请途经车辆谨慎驾驶，提前减速。,0,,,,,,,,
151717,K151+120,K146+560,桃源收费站-大田收费站,4560.0,2016-08-25 08:56:14,14,2016-08-25 08:54:46,,,,,,2,福建高速公路,1472086486000,0,G72|泉南高速,,,"117.698 ,25.6885",4,G72线泉南高速大田段永安往泉州方向K151+120-K146+560处（三阳隧道内，距大田收费站约17公里）正在养护施工，占用主车道，该路段目前单车道通行，请途经车辆谨慎驾驶，提前减速。,0,,,,,,,,
151721,K122+600,K122+600,洛江北收费站-仙游龙华收费站,0.0,2016-08-25 09:20:14,14,2016-08-25 09:18:27,,,,,,2,福建高速公路,1472087907000,0,S35|S35线沈海复线,,,"118.597 ,25.2398",4,S35线沈海复线泉州段泉州往莆田方向K122+600—117+800处(白石格隧道内、距洛江北收费站约1公里)，正在养护施工，占用慢车道，该路段目前主车道、超车道可正常通行，请途经车辆谨慎驾驶。,0,,,,,,,,
151725,K2076,K2076,营前收费站-福州收费站,0.0,2016-08-25 09:56:11,14,2016-08-25 09:58:48,,,,,,2,福建高速公路,1472090328000,0,G15|沈海高速,,,"119.477 ,25.9647",4,G15线沈海高速罗长段K2076处（营前收费站内外广场）正在养护施工，在内外广场轮流布控，请途经车辆谨慎驾驶，提前减速。,0,,,,,,,,
151727,K2258,K2252,水头收费站-内坑枢纽,6000.0,2016-08-25 10:04:12,14,2016-08-25 10:02:34,,,,,,2,福建高速公路,1472090554000,0,G15|沈海高速,,,"118.472 ,24.7785",4,G15线沈海高速泉厦泉州段厦门往福州方向K2258-K2252处（距晋江收费站约2公里）因养护施工，布控第一车道，请途经车辆谨慎驾驶，提前减速。,0,,,,,,,,
